,companyFullName,companyShortName,companySize,financeStage,district,positionName,workYear,education,salary,positionAdvantage,industryField,firstType,companyLabelList,secondType,city
0,上海莉莉丝科技股份有限公司,莉莉丝游戏,500-2000人,不需要融资,闵行区,大数据开发工程师,3-5年,本科,12k-24k,"弹性工作,福利待遇好,工作氛围好",游戏,产品|需求|项目类,"项目奖金,零食无限量,牛逼的同事,境外旅游",数据分析,上海
1,杭州涂鸦信息技术有限公司,涂鸦智能,2000人以上,C轮,西湖区,大数据开发工程师,3-5年,本科,15k-30k,氛围好、福利好、成长空间大,"物联网,智能硬件",开发|测试|运维类,"5星办公环境,年底奖金,团队牛B,五险一金",数据开发,杭州
2,北京拉勾网络技术有限公司,拉勾网,500-2000人,D轮及以上,海淀区,大数据开发工程师,5-10年,不限,20k-40k,"发展空间大,弹性工作制,领导Nice","工具类产品,在线教育",开发|测试|运维类,"五险一金,弹性工作,带薪年假,免费两餐",数据开发,北京
3,成都超有爱科技有限公司,百词斩,150-500人,D轮及以上,高新区,数据开发工程师,3-5年,本科,15k-30k,年底双薪、六险一金、个人成长,"在线教育,工具类产品,内容社区",开发|测试|运维类,"股票期权,年底双薪,管饭！,超爱学习",数据开发,成都
4,上海领迹信息科技有限公司,领迹信息,50-150人,未融资,,数据开发工程师,不限,本科,11k-18k,项目长期稳定，提升空间大,数据服务,开发|测试|运维类,,数据开发,杭州
5,广东快乐种子科技有限公司,快乐种子,2000人以上,B轮,越秀区,大数据开发工程师,3-5年,本科,15k-30k,周末双休、五险一金,在线教育,开发|测试|运维类,"专项奖金,股票期权,绩效奖金,带薪年假",数据开发,广州
6,深圳市法本信息技术股份有限公司,法本信息,2000人以上,上市公司,南山区,数据开发工程师,3-5年,大专,16k-25k,团队氛围好 薪资福利高 大拿多,"人工智能服务,IT技术服务｜咨询",开发|测试|运维类,,数据开发,深圳
7,广东顺畅科技有限公司,顺畅科技,500-2000人,未融资,越秀区,数据开发工程师,3-5年,本科,13k-18k,发展前景好，学习渠道多，个人成长快！,"软件服务｜咨询,IT技术服务｜咨询",产品|需求|项目类,,数据分析,广州
8,上海贯信信息技术有限公司,贯信信息,50-150人,不需要融资,杨浦区,大数据开发工程师,3-5年,本科,15k-25k,有补贴、福利好，公司准备上市,电商平台,开发|测试|运维类,"带薪年假,午餐补助,交通补助,通讯津贴",数据开发,上海
9,北京果壳互动科技传媒有限公司,果壳,150-500人,C轮,朝阳区,数据开发工程师,3-5年,本科,15k-30k,多元业务 ；团队融洽；快速成长；七险一金；,"短视频,新零售",开发|测试|运维类,"技能培训,年度旅游,岗位晋升,家庭式三餐",数据开发,北京
10,爱客科技（深圳）有限公司,AfterShip,150-500人,不需要融资,南山区,大数据开发工程师,5-10年,本科,18k-35k,技术大牛 国际化团队 工具文化,"软件服务｜咨询,营销服务｜咨询,数据服务｜咨询",开发|测试|运维类,"持续盈利,国际龙头企业,SaaS平台,极客氛围",数据开发,深圳
11,行吟信息科技（上海）有限公司,小红书,500-2000人,D轮及以上,黄浦区,数据开发工程师,3-5年,本科,30k-60k,领导nice、定期团建、免费三餐,"电商平台,内容社区",开发|测试|运维类,"年度旅游,节日礼物,专项奖金,带薪年假",数据开发,上海
12,云账户（天津）共享经济信息咨询有限公司,云账户,150-500人,C轮,朝阳区,数据开发工程师,3-5年,本科,25k-50k,五险一金，住房补贴，补充医疗保险,数据服务｜咨询,开发|测试|运维类,"带薪年假,绩效奖金,定期体检,自助午/晚餐",数据开发,北京
13,成都聚思力信息技术有限公司,成都聚思力信息技术有限公司,500-2000人,上市公司,高新区,数据开发工程师,3-5年,本科,12k-18k,9天年假，医疗报销，旅游津贴,IT技术服务｜咨询,开发|测试|运维类,"绩效奖金,带薪年假,交通补助,午餐补助",数据开发,成都
14,广州伊的家网络科技有限公司,伊的家,2000人以上,不需要融资,番禺区,大数据开发工程师,3-5年,本科,15k-25k,13~17薪、大平台、技术成长、扁平化管理,电商平台,开发|测试|运维类,"绩效奖金,专项奖金,股票期权,节日礼物",数据开发,广州
15,广东顺畅科技有限公司,顺畅科技,500-2000人,未融资,蓬江区,数据开发工程师,3-5年,本科,10k-20k,发展前景好！,"软件服务｜咨询,IT技术服务｜咨询",开发|测试|运维类,,数据开发,江门
16,上海源犀信息科技有限公司,Linkflow,50-150人,A轮,徐汇区,大数据开发工程师,3-5年,本科,16k-25k,发展前景，团队nice，长带薪年假，商业保险,软件服务｜咨询,开发|测试|运维类,"通讯津贴,交通补助,双休,弹性工作",数据开发,上海
17,宇信网络（广东）有限公司,宇信,50-150人,未融资,天河区,数据开发工程师,3-5年,本科,15k-30k,五险一金 扁平化管理 晋升空间,IT技术服务｜咨询,开发|测试|运维类,,数据开发,广州
18,北京粉笔蓝天科技有限公司,粉笔网,2000人以上,不需要融资,朝阳区,数据开发工程师,1-3年,本科,20k-40k,平台好，垂直领域NO1，发展空间大,在线教育,开发|测试|运维类,"技能培训,节日礼物,年底双薪,带薪年假",数据开发,北京
19,北京平方佳企业管理有限公司,北京平方佳企业管理有限公司,50-150人,未融资,朝阳区,大数据开发工程师,3-5年,本科,15k-25k,加班强度小,数据服务｜咨询,开发|测试|运维类,,数据开发,北京
20,杭州涂鸦信息技术有限公司,涂鸦智能,2000人以上,C轮,西湖区,BI工程师,3-5年,本科,15k-30k,"公司氛围好,定期体检,团建","物联网,智能硬件",开发|测试|运维类,"5星办公环境,年底奖金,团队牛B,五险一金",数据开发,杭州
21,深圳市法本信息技术股份有限公司,法本信息,2000人以上,上市公司,宝安区,大数据开发工程师,3-5年,大专,15k-22k,五险一金,"人工智能服务,IT技术服务｜咨询",开发|测试|运维类,,数据开发,深圳
22,北京鲸航科技有限公司,鲸航科技,50-150人,A轮,海淀区,数据开发工程师,3-5年,本科,15k-30k,发展空间大,在线教育,开发|测试|运维类,"股票期权,带薪年假,扁平管理,美女多",数据开发,北京
23,晟至技术有限公司,晟至技术,50-150人,未融资,朝阳区,大数据开发工程师,3-5年,本科,10k-20k,六险一金/节日福利/生日福利/年终奖金,"软件服务｜咨询,IT技术服务｜咨询,专业服务｜咨询",开发|测试|运维类,"年终奖,六险一金,弹性工作,管理规范",数据开发,北京市
24,上海众调信息科技有限公司,上海众调科技,50-150人,A轮,嘉定区,大数据开发工程师,3-5年,本科,15k-20k,"团队有大牛,晋升空间,交通便利,行业发展",移动互联网,开发|测试|运维类,"带薪年假,弹性工作,节日礼物,领导好",数据开发,上海
25,上海序言泽网络科技有限公司,序言泽网络,500-2000人,不需要融资,浦东新区,大数据开发工程师,3-5年,本科,20k-30k,发展平台 扁平化,游戏 文娱丨内容,开发|测试|运维类,,数据开发,上海
26,北京寄云鼎城科技有限公司,寄云科技,50-150人,B轮,海淀区,大数据开发工程师,5-10年,本科,20k-40k,扁平管理、五险一金、带薪年假、股票期权,"数据服务｜咨询,IT技术服务｜咨询",开发|测试|运维类,"绩效奖金,弹性工作,年度旅游,岗位晋升",数据开发,北京
27,我爱我家控股集团股份有限公司,我爱我家集团,2000人以上,上市公司,朝阳区,大数据开发工程师,3-5年,本科,20k-30k,六险一金、带薪年假、定期体检、弹性工作,房地产｜建筑｜物业,开发|测试|运维类,,数据开发,北京
28,深圳虾皮信息科技有限公司,Shopee,500-2000人,上市公司,南山区,数据仓库/数据开发工程师-多媒体推荐搜索团队,3-5年,本科,30k-50k,六险一金、15天带薪年假、节日礼物,电商平台,开发|测试|运维类,"外企氛围,蓝海市场,大牛多多,15天年假",数据开发,深圳
29,亚信科技（中国）有限公司,亚信,2000人以上,上市公司,海淀区,大数据开发工程师,3-5年,本科,15k-22k,行业前景好，公司平台发展机会多，福利优厚,"软件服务｜咨询,IT技术服务｜咨询",开发|测试|运维类,"年底双薪,技能培训,免费班车,带薪年假",数据开发,北京
30,成都超有爱科技有限公司,百词斩,150-500人,D轮及以上,高新区,数据仓库开发工程师,3-5年,本科,15k-30k,年底双薪、六险一金、个人成长,"在线教育,工具类产品,内容社区",开发|测试|运维类,"股票期权,年底双薪,管饭！,超爱学习",数据开发,成都
31,陕西康德曼信息技术有限公司,康德曼,50-150人,未融资,江岸区,大数据开发工程师,3-5年,本科,14k-19k,国企 上市公司 不加班 福利待遇好,智能硬件,开发|测试|运维类,,数据开发,武汉
32,上海漫微信息技术有限公司,漫微科技,500-2000人,B轮,徐汇区,大数据开发工程师,5-10年,本科,20k-40k,海底捞背景 研发团队强大,软件服务｜咨询,开发|测试|运维类,"年底双薪,带薪年假,专项奖金,绩效奖金",数据开发,上海
33,北京亚格斯科技发展有限公司,北京亚格斯科技发展有...,50-150人,B轮,东城区,大数据开发工程师,3-5年,本科,18k-22k,大数据金融平台,软件开发,开发|测试|运维类,,数据开发,北京
34,泰康保险集团股份有限公司,泰康保险集团,2000人以上,不需要融资,昌平区,数据开发工程师,3-5年,本科,20k-40k,世界500强企业，七险二金 ；金融科技全贯穿,金融业,开发|测试|运维类,"交通补助,午餐补助,带薪年假,定期体检",数据开发,北京
35,北京臻澄网络科技有限公司,冲顶,50-150人,C轮,朝阳区,大数据开发工程师,1-3年,本科,15k-25k,大牛云集，工程师文化，一年16薪,"游戏,社交平台",开发|测试|运维类,"移动互联网,五险一金,扁平管理,领导好",数据开发,北京
36,北京果壳互动科技传媒有限公司,果壳,150-500人,C轮,朝阳区,前端开发工程师（数据可视化方向）,1-3年,本科,10k-20k,七险一金，免费三餐，弹性工作，领域大牛,"短视频,新零售",开发|测试|运维类,"技能培训,年度旅游,岗位晋升,家庭式三餐",移动前端开发,北京
37,上海贯信信息技术有限公司,贯信信息,50-150人,不需要融资,杨浦区,高级大数据开发工程师,5-10年,本科,25k-35k,有补贴、带薪休假、福利好,电商平台,开发|测试|运维类,"带薪年假,午餐补助,交通补助,通讯津贴",数据开发,上海
38,上海蔚来汽车有限公司,NIO蔚来,2000人以上,上市公司,嘉定区,资深数据中台开发工程师,5-10年,本科,30k-45k,六险一金；股票,新能源汽车制造,开发|测试|运维类,"年底双薪,带薪年假,通讯津贴,交通补助",数据开发,上海
39,云账户（天津）共享经济信息咨询有限公司,云账户,150-500人,C轮,朝阳区,高级数据开发工程师,不限,本科,25k-50k,五险一金，住房补贴，补充医疗保险,数据服务｜咨询,开发|测试|运维类,"带薪年假,绩效奖金,定期体检,自助午/晚餐",数据开发,北京
40,广东德生科技股份有限公司,德生科技,500-2000人,上市公司,天河区,大数据开发工程师,1-3年,本科,10k-15k,上市企业、年底双薪+年终奖,移动互联网,开发|测试|运维类,"五险一金,交通补助,带薪年假,免费班车",数据开发,广州
41,成都延华西部健康医疗信息产业研究院有限公司,延华医疗研究院,150-500人,上市公司,温江区,高级大数据开发工程师,3-5年,本科,10k-20k,工作环境好 团队氛围融洽,"IT技术服务｜咨询,数据服务｜咨询",开发|测试|运维类,"股票期权,绩效奖金,带薪年假,交通补助",数据开发,成都
42,上海华钦信息科技股份有限公司,CLPS,500-2000人,上市公司,浦东新区,大数据开发工程师,1-3年,本科,15k-20k,14天带薪年假，全额社保公积金,软件服务｜咨询,开发|测试|运维类,"专项奖金,带薪年假,定期体检,交通补助",数据开发,上海
43,广州伊的家网络科技有限公司,伊的家,2000人以上,不需要融资,番禺区,数据仓库开发工程师,3-5年,本科,20k-25k,13~17薪、年轻团队、大平台、技术成长,电商平台,开发|测试|运维类,"绩效奖金,专项奖金,股票期权,节日礼物",数据开发,广州
44,北京字节跳动科技有限公司,字节跳动,2000人以上,D轮及以上,,后端开发工程师 - 电商数据产品方向,不限,本科,25k-50k,"下午茶,健身瑜伽,六险一金,五险一金","内容资讯,短视频",开发|测试|运维类,"扁平管理,弹性工作,就近租房补贴,六险一金",后端开发,上海
45,北京聚量广告传媒有限公司,聚量传媒,50-150人,不需要融资,朝阳区,大数据开发工程师,3-5年,本科,15k-25k,五险一金、双休,营销服务｜咨询,开发|测试|运维类,,数据开发,北京
46,深圳数鉴科技有限公司,数鉴科技,15-50人,天使轮,南山区,数据开发工程师,不限,本科,20k-25k,已盈利的创业团队 前景广,"数据服务,软件开发",开发|测试|运维类,,数据开发,深圳
47,深圳市华思达数据技术有限公司,华思达,15-50人,不需要融资,宝安区,大数据开发工程师,5-10年,本科,20k-28k,相比同行，薪资竞争力高,数据服务,开发|测试|运维类,,数据开发,深圳
48,深圳市华思达数据技术有限公司,华思达,15-50人,不需要融资,滨江区,数据开发工程师,3-5年,大专,18k-28k,相比同行，薪资竞争力高,数据服务,开发|测试|运维类,,数据开发,杭州
49,伯恩光学（惠州）有限公司,伯恩光学,2000人以上,未融资,坪山新区,BI工程师,1-3年,本科,8k-12k,丰富项目经验，发挥所长,其他,开发|测试|运维类,,数据开发,深圳
50,伯恩光学（惠州）有限公司,伯恩光学,2000人以上,未融资,惠阳区,BI工程师,1-3年,本科,8k-12k,丰富项目经验，发挥所长,其他,开发|测试|运维类,,数据开发,惠州
51,北京字节跳动科技有限公司,字节跳动,2000人以上,D轮及以上,海淀区,大数据开发工程师,不限,本科,25k-50k,"下午茶,健身瑜伽,六险一金,五险一金","内容资讯,短视频",开发|测试|运维类,"扁平管理,弹性工作,就近租房补贴,六险一金",数据开发,北京
52,深圳虾皮信息科技有限公司,Shopee,500-2000人,上市公司,南山区,数据仓库高级开发工程师,3-5年,本科,30k-50k,新加坡外企，周末双休，大牛多,电商平台,开发|测试|运维类,"外企氛围,蓝海市场,大牛多多,15天年假",数据开发,深圳
53,北京百家科技集团有限公司,跟谁学,2000人以上,上市公司,海淀区,数据仓库开发工程师,3-5年,本科,30k-60k,上市公司、股票、七险一金,在线教育,开发|测试|运维类,"节日礼物,技能培训,股票期权,精英团队",数据开发,北京
54,威讯柏睿数据科技（北京）有限公司,柏睿数据,50-150人,C轮,天河区,大数据java开发工程师,1-3年,本科,15k-30k,大数据 多绩效 BI 数据仓储,数据服务｜咨询,开发|测试|运维类,"股票期权,专项奖金,带薪年假,弹性工作",后端开发,广州
55,北京声智科技有限公司,声智科技,150-500人,B轮,海淀区,数据仓库开发工程师,3-5年,本科,15k-25k,平台增速快 福利多 人工智能平台前景大,人工智能服务,开发|测试|运维类,"股票期权,五险一金,技能培训,岗位晋升",数据开发,北京
56,北京芯盾时代科技有限公司,Trusfort芯盾时代,150-500人,C轮,高新区,大数据开发工程师,3-5年,本科,10k-20k,"五险一金,工作居住证,节日福利,出国旅游","软件服务｜咨询,智能硬件",产品|需求|项目类,"股票期权,内荐重奖,餐补话补,关爱假期",数据分析,成都
57,北京芯盾时代科技有限公司,Trusfort芯盾时代,150-500人,C轮,海淀区,大数据开发工程师,5-10年,本科,15k-25k,"五险一金,工作居住证,节日福利,出国旅游","软件服务｜咨询,智能硬件",开发|测试|运维类,"股票期权,内荐重奖,餐补话补,关爱假期",数据开发,北京
58,上海莉莉丝科技股份有限公司,莉莉丝游戏,500-2000人,不需要融资,闵行区,高级BI系统开发工程师,3-5年,本科,20k-35k,核心团队 大牛云集 领导好 发展空间大,游戏,开发|测试|运维类,"项目奖金,零食无限量,牛逼的同事,境外旅游",数据开发,上海
59,柏美迪康环境科技（上海）股份有限公司,柏美迪康上海,150-500人,上市公司,普陀区,大数据HBase高级开发工程师,不限,本科,25k-40k,高并发 大数据,能源｜矿产｜环保,开发|测试|运维类,"专精特新企业,大数据云计算,五险一金,年终奖金",数据开发,上海
60,秒针信息技术有限公司,明略科技集团,2000人以上,D轮及以上,朝阳区,Java大数据开发工程师,5-10年,本科,27k-35k,行业独角兽 大牛团队 绩效奖金 团建旅行,"数据服务｜咨询,人工智能服务",开发|测试|运维类,"六险一金,年底双薪,绩效奖金,完成E轮融资",数据开发,北京
61,广州回头车信息科技有限公司,省省回头车,150-500人,A轮,雨花台区,bi工程师,1-3年,本科,15k-20k,战略级项目,"物流平台,生活服务",开发|测试|运维类,"五险一金,带薪年假,年度旅游,岗位晋升",数据开发,南京
62,秒针信息技术有限公司,明略科技集团,2000人以上,D轮及以上,雁塔区,大数据高级开发工程师(J12428),3-5年,本科,15k-20k,行业独角兽 大牛团队 绩效奖金 团建旅行,"数据服务｜咨询,人工智能服务",开发|测试|运维类,"六险一金,年底双薪,绩效奖金,完成E轮融资",数据开发,西安
63,慧博云通科技股份有限公司,慧博云通,2000人以上,未融资,天河区,大数据开发工程师（Java）,3-5年,本科,13k-20k,弹性上班 大牛云集 不加班 技术氛围浓厚,IT技术服务｜咨询,开发|测试|运维类,,数据开发,广州
64,51JOB-成都贰拾叁网络科技有限公司,51JOB-成都贰拾叁网络科技有限公司,150-500人,不需要融资,崇州市,数据开发工程师,3-5年,大专,9k-14k,数据开发,其他,开发|测试|运维类,,数据开发,成都
65,我爱我家控股集团股份有限公司,我爱我家集团,2000人以上,上市公司,朝阳区,数据仓库开发工程师(J338349),3-5年,本科,15k-25k,上市公司,房地产｜建筑｜物业,开发|测试|运维类,,数据开发,北京
66,上海海万信息科技股份有限公司,海万科技,500-2000人,不需要融资,浦东新区,大数据开发工程师,3-5年,大专,15k-20k,500强企业 制度规范 福利健全,"软件服务｜咨询,IT技术服务｜咨询",开发|测试|运维类,,数据开发,上海
67,阿里云计算有限公司,阿里云,2000人以上,上市公司,海淀区,资深大数据开发工程师,在校/应届,本科,30k-60k,五险一金 带薪年假,人工智能服务,开发|测试|运维类,"年底双薪,带薪年假,帅哥多,定期体检",数据开发,北京
68,北京码上赢网络科技有限公司,马上赢,50-150人,A轮,朝阳区,Python数据开发工程师,3-5年,本科,20k-35k,阿里大牛、零售大数据,数据服务｜咨询,开发|测试|运维类,"弹性工作,五险一金,阿里系,牛人多",后端开发,北京
69,北京蚂蜂窝网络科技有限公司,马蜂窝,500-2000人,D轮及以上,朝阳区,数据开发工程师 (MJ001124),3-5年,不限,15k-30k,补充医疗 团建 女员工关爱假 五险一金,旅游｜出行,开发|测试|运维类,"弹性工作,扁平管理,氛围好,年度体检",数据开发,北京
70,网易（杭州）网络有限公司,网易,2000人以上,上市公司,天河区,数据开发工程师,3-5年,本科,20k-40k,年终奖,"内容资讯,游戏,音频｜视频媒体",开发|测试|运维类,"节日礼物,技能培训,免费班车,带薪年假",数据开发,广州
71,北京世联互动网络有限公司成都分公司,NAVER China,2000人以上,上市公司,高新区,大数据开发工程师,3-5年,本科,11k-20k,技术氛围浓厚，薪酬福利优厚,信息检索,开发|测试|运维类,"节日礼物,带薪年假,绩效奖金,年度旅游",后端开发,成都
72,上海袋虎信息技术有限公司,心理壹点灵,150-500人,B轮,闵行区,大数据开发工程师,3-5年,本科,30k-35k,行业前景好 扁平管理 团队氛围好,"移动互联网,医疗丨健康",开发|测试|运维类,"弹性工作,美女多,牛人多,扁平管理",数据开发,上海
73,北京拉勾网络技术有限公司,拉勾网,500-2000人,D轮及以上,海淀区,大数据开发工程师,5-10年,本科,35k-40k,"发展空间大,弹性工作制,领导Nice","工具类产品,在线教育",开发|测试|运维类,"五险一金,弹性工作,带薪年假,免费两餐",数据开发,北京
74,上海中通吉网络技术有限公司,中通快递,2000人以上,上市公司,青浦区,高级BI开发工程师,3-5年,本科,18k-35k,落地产品 大平台 多应用场景,物流｜运输,开发|测试|运维类,"绩效奖金,五险一金,带薪年假,免费班车",数据开发,上海
75,北京字节跳动科技有限公司,字节跳动,2000人以上,D轮及以上,海淀区,大数据开发工程师,3-5年,本科,25k-50k,"下午茶,健身瑜伽,六险一金,扁平管理","内容资讯,短视频",开发|测试|运维类,"扁平管理,弹性工作,就近租房补贴,六险一金",数据开发,北京
76,北京字节跳动科技有限公司,字节跳动,2000人以上,D轮及以上,海淀区,大数据开发工程师,1-3年,本科,18k-36k,弹性工作，免费三餐，租房补贴，休闲下午茶，扁平管理，职业大牛，晋升空间，五险一金,"内容资讯,短视频",开发|测试|运维类,"扁平管理,弹性工作,就近租房补贴,六险一金",人工智能,北京
77,深信服科技股份有限公司,深信服科技集团,2000人以上,上市公司,南山区,大数据开发工程师,3-5年,本科,20k-40k,大牛多、福利好、晋升快,"人工智能服务,信息安全",开发|测试|运维类,"三餐全包,大牛超多,年终奖超多,大公司，稳定",数据开发,深圳
78,北京云保网络科技有限公司,椰子传媒,50-150人,不需要融资,朝阳区,大数据开发工程师,3-5年,不限,20k-30k,移动互联网广告行业，拥有TB级数据,营销服务｜咨询,开发|测试|运维类,"年底双薪,定期体检,公司氛围好",数据开发,北京
79,四川伊澳农业科技有限公司,伊澳科技,2000人以上,上市公司,朝阳区,资深数据开发工程师,5-10年,本科,35k-55k,外资企业 15-18薪,批发｜零售,开发|测试|运维类,"专项奖金,股票期权,绩效奖金,年终分红",数据开发,北京
80,深圳万顺叫车云信息技术有限公司,万顺叫车,150-500人,未融资,宝安区,高级大数据开发工程师,5-10年,本科,22k-30k,带薪年假，车贴，五险一金，餐补，团建,"生活服务,旅游｜出行",开发|测试|运维类,"团建津贴,氛围好,非外包,提供住宿",后端开发,深圳
81,上海英方软件股份有限公司,英方,150-500人,上市公司,闵行区,中高级JAVA开发工程师（灾备容灾大数据虚拟化脱敏）,5-10年,本科,24k-48k,发展迅速，股票期权，全员双休，行业领先,"信息安全,数据服务",开发|测试|运维类,"股票期权,带薪年假,美女多,五险一金",后端开发,上海
82,上海英方软件股份有限公司,英方,150-500人,上市公司,闵行区,初中级JAVA开发工程师（灾备大数据虚拟化脱敏容灾）,3-5年,本科,12k-24k,发展快速，自有研发专利，全员双休,"信息安全,数据服务",开发|测试|运维类,"股票期权,带薪年假,美女多,五险一金",后端开发,上海
83,北京中科智加科技有限公司,中科智加,50-150人,不需要融资,海淀区,大数据工程师,不限,硕士,13k-26k,深入接触业界最前沿人工智能核心技术,"人工智能服务,数据服务｜咨询",开发|测试|运维类,,数据开发,北京
84,深圳平安综合金融服务有限公司,平安金服,2000人以上,上市公司,福田区,大数据开发工程师,3-5年,本科,10k-20k,项目发展良好，发展前景良好,科技金融,开发|测试|运维类,,数据开发,深圳
85,北京瞰微智视科技有限公司,Conviva,150-500人,D轮及以上,朝阳区,高级大数据开发工程师,3-5年,本科,30k-50k,外企福利， 硅谷文化，午餐免费，六险一金,"数据服务｜咨询,人工智能服务",开发|测试|运维类,"带薪年假,交通补助,午餐补助,绩效奖金",数据开发,北京
86,浙江汇信科技有限公司,汇信科技,150-500人,未融资,拱墅区,数据仓库开发工程师,5-10年,本科,15k-25k,"福利优厚,前景好,管理规范,交通方便","IT技术服务｜咨询,工具类产品",开发|测试|运维类,"节日礼物,带薪年假,岗位晋升,美女多",数据开发,杭州
87,深圳市博奥特科技有限公司,博奥特科技,500-2000人,未融资,福田区,数据开发工程师,3-5年,本科,16k-20k,金融项目，五险一金，前景广阔,"IT技术服务｜咨询,软件服务｜咨询",开发|测试|运维类,"绩效奖金,领导好,帅哥多,美女多",数据开发,深圳
88,泰康保险集团股份有限公司,泰康保险集团,2000人以上,不需要融资,昌平区,Java数据开发工程师,3-5年,本科,20k-30k,通勤班车；员工食堂；福利待遇好,金融业,开发|测试|运维类,"交通补助,午餐补助,带薪年假,定期体检",数据开发,北京
89,政采云有限公司,政采云,150-500人,不需要融资,西湖区,高级数据开发工程师,3-5年,本科,15k-25k,发展前景好 福利待遇优,"人工智能服务,数据服务｜咨询",开发|测试|运维类,"带薪年假,绩效奖金,定期体检,弹性工作",数据开发,杭州
90,韩领网络科技（上海）有限公司,Coupang,150-500人,不需要融资,浦东新区,资深大数据开发工程师 - 供应链管理平台,5-10年,本科,40k-70k,发展迅速，股票期权，氛围好，不加班,电商平台,开发|测试|运维类,"年底双薪,技能培训,绩效奖金,年度旅游",数据开发,上海
91,中国平安财产保险股份有限公司,平安产险,2000人以上,上市公司,福田区,大数据开发工程师,5-10年,本科,20k-40k,"专业团队,大平台,薪酬,尊重",金融业,产品|需求|项目类,"绩效奖金 ,五险一金 ,带薪年假 ,年度旅游 ",数据分析,深圳
92,51JOB-艾斯普软件科技（西安）有限公司,51JOB-艾斯普软件科技（西安）有限公司,500-2000人,不需要融资,锦江区,Database Developer 数据工程师 BI工程师,3-5年,大专,13k-19k,"补充医疗保险,专业培训,弹性工作",软件开发,开发|测试|运维类,,数据开发,成都
93,深圳道道网络科技有限公司,道道,50-150人,C轮,南山区,大数据开发工程师,1-3年,本科,15k-30k,牛人团队 ***项目 丰厚报酬,在线教育,开发|测试|运维类,"平等的氛围,年底双薪,带薪年假,定期体检",数据开发,深圳
94,深圳虾皮信息科技有限公司,Shopee,500-2000人,上市公司,南山区,大数据开发工程师-金融业务,3-5年,本科,20k-40k,蓝海市场，外企氛围。,电商平台,开发|测试|运维类,"外企氛围,蓝海市场,大牛多多,15天年假",数据开发,深圳
95,北京字节跳动科技有限公司,字节跳动,2000人以上,D轮及以上,闵行区,大数据开发工程师,3-5年,本科,30k-60k,"六险一金,股票期权,带薪休假,免费三餐","内容资讯,短视频",开发|测试|运维类,"扁平管理,弹性工作,就近租房补贴,六险一金",后端开发,上海
96,北京字节跳动科技有限公司,字节跳动,2000人以上,D轮及以上,余杭区,大数据开发工程师,3-5年,本科,30k-60k,"下午茶,健身瑜伽,六险一金,股票期权","内容资讯,短视频",开发|测试|运维类,"扁平管理,弹性工作,就近租房补贴,六险一金",后端开发,杭州
97,平安国际智慧城市科技股份有限公司,平安智慧城,2000人以上,不需要融资,南山区,数据开发工程师,5-10年,不限,15k-25k,福利多,"人工智能服务,区块链",开发|测试|运维类,,数据开发,深圳
98,南京蓝鲸人网络科技有限公司,美篇,150-500人,B轮,海淀区,大数据开发工程师,3-5年,本科,25k-35k,六险一金 免费午餐 下午茶,内容社区,开发|测试|运维类,"弹性工作,期权激励,六险一金,租房补贴",数据开发,北京
99,北京达佳互联信息技术有限公司,快手,2000人以上,上市公司,海淀区,大数据开发工程师,3-5年,本科,25k-50k,欢迎各路高手交流学习,短视频,开发|测试|运维类,"股票期权,弹性工作,定期体检,岗位晋升",数据开发,北京
100,上海钧正网络科技有限公司,哈啰出行,2000人以上,D轮及以上,西湖区,数据工程师,3-5年,本科,20k-40k,五险、全额公积金、年终奖、带薪年假、股权激励,旅游｜出行,开发|测试|运维类,"绩效奖金,年底双薪,股票期权,交通补助",数据开发,杭州
101,上海中软华腾软件系统有限公司,上海中软华腾软件系统有限公司,2000人以上,上市公司,龙岗区,大数据开发工程师,3-5年,本科,17k-30k,团队氛围,IT技术服务｜咨询,开发|测试|运维类,"绩效奖金,带薪年假,定期体检,管理规范",数据开发,深圳
102,深圳虾皮信息科技有限公司,Shopee,500-2000人,上市公司,南山区,大数据资深开发工程师-金融业务,5-10年,本科,30k-50k,蓝海市场，外企氛围。,电商平台,开发|测试|运维类,"外企氛围,蓝海市场,大牛多多,15天年假",数据开发,深圳
103,深圳虾皮信息科技有限公司,Shopee,500-2000人,上市公司,南山区,供应链资深数据开发工程师,不限,本科,30k-50k,外企氛围，蓝海市场，大牛多多，15天年假,电商平台,开发|测试|运维类,"外企氛围,蓝海市场,大牛多多,15天年假",数据开发,深圳
104,深圳市云积分科技有限公司,云积互动,150-500人,天使轮,雁塔区,大数据开发工程师,3-5年,本科,15k-25k,周末双休、团队年轻、主题下午茶，股权激励,营销服务｜咨询,开发|测试|运维类,"带薪年假,年轻团队,股票期权,下午茶",数据开发,西安
105,广州骏伯网络科技有限公司,广州骏伯,50-150人,上市公司,天河区,大数据开发工程师,3-5年,本科,15k-20k,高薪双休、入职五险一金、餐补话补、下午茶,营销服务｜咨询,开发|测试|运维类,"节日礼物,绩效奖金,年度旅游,通讯津贴",数据开发,广州
106,上海莉莉丝科技股份有限公司,莉莉丝游戏,500-2000人,不需要融资,闵行区,大数据测试工程师,不限,不限,15k-30k,团队境外游 高福利 大牛云集 核心项目,游戏,开发|测试|运维类,"项目奖金,零食无限量,牛逼的同事,境外旅游",测试,上海
107,富登小额贷款（四川）有限公司,富登小额贷款（四川）有限公司,500-2000人,不需要融资,锦江区,大数据开发主管,5-10年,本科,15k-25k,公司福利好,"科技金融,专业服务｜咨询,金融业",开发|测试|运维类,"年底双薪,带薪年假,定期体检,节日礼物",数据开发,成都
108,广州博依特智能信息科技有限公司,博依特,150-500人,A轮,黄埔区,大数据开发工程师,3-5年,本科,15k-30k,阿里大牛，数百亿数据沉淀，氛围好,软件服务｜咨询,开发|测试|运维类,"工业大数据,行业风口,年底双薪,通讯津贴",数据开发,广州
109,北京三快在线科技有限公司,美团,2000人以上,上市公司,朝阳区,企平-高级大数据开发工程师（财务方向）,不限,不限,30k-60k,技术氛围浓，发展空间大,消费生活,开发|测试|运维类,"技能培训,绩效奖金,岗位晋升,领导好",数据开发,北京
110,心动网络股份有限公司,心动网络,500-2000人,上市公司,,安全运营工程师（数据安全方向）,3-5年,本科,20k-40k,上市公司/免费三餐/商业保险/年度旅游,游戏,开发|测试|运维类,"五险一金,绩效奖金,MAC标配,年度旅游",运维,上海
111,风变科技（深圳）有限公司,风变科技（深圳）有限公司,500-2000人,B轮,南山区,数据开发工程师,不限,本科,15k-30k,扁平化,在线教育,开发|测试|运维类,"专项奖金,带薪年假,定期体检,六险一金",数据开发,深圳
112,中电金信软件有限公司,中电金信,2000人以上,不需要融资,开福区,大数据开发工程师,5-10年,本科,15k-25k,六险一金；节日礼品；年度体检,"IT技术服务｜咨询,软件服务｜咨询",开发|测试|运维类,"带薪年假,定期体检,节日礼物,五险一金",数据开发,长沙
113,网易（杭州）网络有限公司,网易,2000人以上,上市公司,滨江区,资深数据开发工程师 - 音乐事业部003,3-5年,本科,25k-45k,空间大,"内容资讯,游戏,音频｜视频媒体",开发|测试|运维类,"节日礼物,技能培训,免费班车,带薪年假",数据开发,杭州
114,北京容联易通信息技术有限公司,容联云通讯,500-2000人,上市公司,朝阳区,大数据开发工程师,5-10年,本科,25k-35k,六险一金+团队年轻化,"移动互联网,数据服务",开发|测试|运维类,"年底双薪,五险一金,带薪年假,节日礼物",数据开发,北京
115,寻伙（安徽）科技有限公司,寻伙科技,50-150人,未融资,经济技术开发区,大数据开发工程师,3-5年,本科,12k-15k,平台大，前景广，百人技术研发团队，欢迎加盟！,"工具类产品,软件服务｜咨询,IT技术服务｜咨询",开发|测试|运维类,,数据开发,合肥
116,北京字节跳动科技有限公司,字节跳动,2000人以上,D轮及以上,海淀区,大数据开发工程师,3-5年,本科,25k-45k,六险一金，弹性工作，免费三餐，租房补贴,"内容资讯,短视频",开发|测试|运维类,"扁平管理,弹性工作,就近租房补贴,六险一金",数据开发,北京
117,北京字节跳动科技有限公司,字节跳动,2000人以上,D轮及以上,海淀区,高级服务器开发工程师-安全数据挖掘方向,3-5年,本科,30k-60k,"下午茶,六险一金,免费三餐,弹性工作","内容资讯,短视频",开发|测试|运维类,"扁平管理,弹性工作,就近租房补贴,六险一金",运维,北京
118,深圳虾皮信息科技有限公司,Shopee,500-2000人,上市公司,南山区,供应链数据开发工程师,不限,本科,20k-40k,外企氛围，蓝海市场，大牛多多，15天年假,电商平台,开发|测试|运维类,"外企氛围,蓝海市场,大牛多多,15天年假",数据开发,深圳
119,深圳虾皮信息科技有限公司,Shopee,500-2000人,上市公司,南山区,Python数据爬虫工程师,1-3年,本科,9k-18k,福利待遇、发展前景、带薪年假、定期体检,电商平台,开发|测试|运维类,"外企氛围,蓝海市场,大牛多多,15天年假",数据开发,深圳
120,政采云有限公司,政采云,150-500人,不需要融资,西湖区,数据架构开发工程师,5-10年,本科,26k-35k,发展前景好 福利待遇优,"人工智能服务,数据服务｜咨询",开发|测试|运维类,"带薪年假,绩效奖金,定期体检,弹性工作",数据开发,杭州
121,北京三快在线科技有限公司,美团,2000人以上,上市公司,朝阳区,数据开发工程师-充电宝,不限,不限,30k-60k,创新稳定项目,消费生活,开发|测试|运维类,"技能培训,绩效奖金,岗位晋升,领导好",数据开发,北京
122,武汉市多比特信息科技有限公司,多比特,150-500人,不需要融资,洪山区,大数据开发工程师,3-5年,本科,12k-20k,充分授权 福利完善,游戏,开发|测试|运维类,"定期体检,带薪年假,年度旅游,领导好",数据开发,武汉
123,北京三快在线科技有限公司,美团,2000人以上,上市公司,高新区,成都研发-数据系统开发工程师,不限,不限,20k-40k,团队氛围好，发展前景好,消费生活,开发|测试|运维类,"技能培训,绩效奖金,岗位晋升,领导好",数据开发,成都
124,北京欧非科技有限公司,欧非科技,500-2000人,B轮,东城区,大数据开发工程师,3-5年,本科,15k-30k,人才密度,"科技金融,消费生活,旅游｜出行",开发|测试|运维类,,数据开发,北京
125,广东天正计算机服务有限公司,天正计算机,150-500人,A轮,福田区,大数据工程师,3-5年,本科,15k-25k,*,"企业服务,数据服务",开发|测试|运维类,"技能培训,年底双薪,行业潜力大,定期体检",数据开发,深圳
126,深圳市阿卡索资讯股份有限公司,阿卡索外教网,2000人以上,C轮,罗湖区,大数据开发工程师,3-5年,大专,15k-30k,五险一金，美女如云,在线教育,开发|测试|运维类,"带薪年假,弹性工作,美女多,领导好",数据开发,深圳
127,北京群鲜荟萃科技有限公司,北京群鲜荟萃科技有限公司,2000人以上,C轮,朝阳区,大数据开发工程师,3-5年,本科,22k-30k,福利待遇优厚，项目前景好,不限,开发|测试|运维类,"弹性工作,领导好,帅哥多,扁平管理",数据开发,北京
128,崇川区蝶创企业管理服务部,蝶创,少于15人,未融资,崇川区,数据库开发工程师,1-3年,本科,5k-10k,沟通产生价值,"软件服务｜咨询,智能硬件,批发｜零售",开发|测试|运维类,,数据开发,南通
129,深圳市客路网络科技有限公司,KLOOK 客路旅行,500-2000人,D轮及以上,福田区,大数据工程师,3-5年,本科,25k-30k,D+轮独角兽企业,旅游｜出行,开发|测试|运维类,"扁平管理,国际化团队,旅游基金,定期体检",数据开发,深圳
130,网易（杭州）网络有限公司,网易,2000人以上,上市公司,天河区,资深大数据开发工程师,3-5年,本科,23k-35k,"大平台,氛围好,成长快","内容资讯,游戏,音频｜视频媒体",开发|测试|运维类,"节日礼物,技能培训,免费班车,带薪年假",数据开发,广州
131,汕尾市铁人信息技术有限公司,铁人信息,50-150人,不需要融资,南山区,大数据开发工程师,1-3年,本科,16k-20k,丰厚奖金、晋升机制、五险一金、下午茶、年终奖,软件开发,开发|测试|运维类,,数据开发,深圳
132,北京达佳互联信息技术有限公司,快手,2000人以上,上市公司,海淀区,数据挖掘推荐算法工程师/专家-【主app】,3-5年,本科,25k-50k,福利待遇好,短视频,开发|测试|运维类,"股票期权,弹性工作,定期体检,岗位晋升",人工智能,北京
133,上海识装信息科技有限公司,得物App,500-2000人,B轮,杨浦区,数据开发 （数仓）,3-5年,大专,15k-30k,独角兽、福利待遇优、高成长、年轻团队化,电商平台,开发|测试|运维类,"绩效奖金,带薪年假,定期体检,节日礼物",数据开发,上海
134,广州滴普科技有限公司,滴普科技,500-2000人,A轮,海珠区,大数据开发工程师,3-5年,本科,18k-25k,双休 年终奖,数据服务｜咨询,开发|测试|运维类,,数据开发,广州
135,深圳聚力创想信息科技有限公司,人人都是产品经理,50-150人,A轮,南山区,大数据开发工程师,3-5年,本科,13k-25k,"发展空间大，工作氛围超好,13薪",在线教育,开发|测试|运维类,"节日礼物,年度旅游,领导好,美女多",数据开发,深圳
136,北京字节跳动科技有限公司,字节跳动,2000人以上,D轮及以上,海淀区,​​大数据开发工程师,不限,本科,20k-40k,"团队氛围好,免费三餐,租房补贴","内容资讯,短视频",开发|测试|运维类,"扁平管理,弹性工作,就近租房补贴,六险一金",后端开发,北京
137,北京字节跳动科技有限公司,字节跳动,2000人以上,D轮及以上,海淀区,数据平台开发工程师-抖音/抖音火山版,1-3年,本科,25k-50k,"下午茶,健身瑜伽,六险一金,五险一金","内容资讯,短视频",开发|测试|运维类,"扁平管理,弹性工作,就近租房补贴,六险一金",数据开发,北京
138,深圳虾皮信息科技有限公司,Shopee,500-2000人,上市公司,南山区,高级大数据架构工程师,3-5年,本科,30k-50k,外企氛围，蓝海市场，大牛多多，15天年假,电商平台,开发|测试|运维类,"外企氛围,蓝海市场,大牛多多,15天年假",数据开发,深圳
139,深圳虾皮信息科技有限公司,Shopee,500-2000人,上市公司,南山区,高级大数据运维工程师,3-5年,本科,30k-50k,外企氛围，蓝海市场，大牛多多，15天年假,电商平台,开发|测试|运维类,"外企氛围,蓝海市场,大牛多多,15天年假",运维,深圳
140,北京三快在线科技有限公司,美团,2000人以上,上市公司,朝阳区,大数据实时开发高级工程师/专家,3-5年,本科,30k-60k,创新业务，发展空间大,消费生活,开发|测试|运维类,"技能培训,绩效奖金,岗位晋升,领导好",数据开发,北京
141,爱客科技（深圳）有限公司,AfterShip,150-500人,不需要融资,南山区,数据仓库工程师,5-10年,本科,18k-35k,技术大牛 国际化团队 工具文化,"软件服务｜咨询,营销服务｜咨询,数据服务｜咨询",开发|测试|运维类,"持续盈利,国际龙头企业,SaaS平台,极客氛围",数据开发,深圳
142,北京世联互动网络有限公司成都分公司,NAVER China,2000人以上,上市公司,高新区,大数据开发工程师（视频云）,3-5年,本科,11k-20k,技术氛围浓厚，薪酬福利优厚,信息检索,开发|测试|运维类,"节日礼物,带薪年假,绩效奖金,年度旅游",数据开发,成都
143,房车宝集团有限公司,房车宝,2000人以上,未融资,南山区,大数据开发工程师,3-5年,本科,18k-30k,大平台，双休，提供三餐，健身房，全额五险一金,"电商平台,人工智能服务,贸易｜进出口",开发|测试|运维类,,数据开发,深圳
144,维沃移动通信有限公司,vivo,2000人以上,不需要融资,宝安区,大数据开发工程师（数据采集方向）,3-5年,本科,30k-60k,大平台 团队nice,智能硬件,开发|测试|运维类,"年终分红,带薪年假,年度旅游,岗位晋升",数据开发,深圳
145,上海农村商业银行股份有限公司,上海农商银行,500-2000人,不需要融资,浦东新区,大数据工程师（风险模型方向）,3-5年,本科,15k-20k,发展前景好，福利待遇好。,金融业,产品|需求|项目类,"带薪年假,午餐补助,绩效奖金,定期体检",数据分析,上海
146,上海农村商业银行股份有限公司,上海农商银行,500-2000人,不需要融资,浦东新区,大数据工程师（数据模型方向）,3-5年,本科,15k-20k,发展前景好，福利待遇好。,金融业,产品|需求|项目类,"带薪年假,午餐补助,绩效奖金,定期体检",数据分析,上海
147,北京三快在线科技有限公司,美团,2000人以上,上市公司,朝阳区,企平-高级数据仓库开发工程师,不限,不限,40k-65k,大厂平台,消费生活,开发|测试|运维类,"技能培训,绩效奖金,岗位晋升,领导好",数据开发,北京
148,行吟信息科技（上海）有限公司,小红书,500-2000人,D轮及以上,黄浦区,数据后端工程师,1-3年,本科,25k-50k,良好的发展前景,"电商平台,内容社区",开发|测试|运维类,"年度旅游,节日礼物,专项奖金,带薪年假",数据开发,上海
149,广州经传多赢投资咨询有限公司,经传多赢,2000人以上,不需要融资,番禺区,Python数据开发（爬虫方向）,3-5年,本科,10k-20k,超豪华分布式计算集群 年底15/17薪 氛围活跃,科技金融,开发|测试|运维类,"绩效奖金,年度旅游,扁平管理,技能培训",数据开发,广州
150,創源国際株式会社,Sougen international 株式会社,15-50人,未融资,海外,大数据开发工程师,5-10年,本科,22k-44k,赴日就职，环境优越，福利优厚,"信息安全,软件服务｜咨询",开发|测试|运维类,"交通补助,年终分红,午餐补助,定期体检",数据开发,海外
151,深圳前海中电慧安科技有限公司,中电慧安,50-150人,不需要融资,南山区,大数据开发工程师,3-5年,本科,15k-30k,发展前景 技术实力,信息安全,开发|测试|运维类,,数据开发,深圳
152,杭州涂鸦信息技术有限公司,涂鸦智能,2000人以上,C轮,西湖区,高级java开发-大数据方向,3-5年,本科,20k-30k,发展快，成长和晋升空间大，福利好,"物联网,智能硬件",开发|测试|运维类,"5星办公环境,年底奖金,团队牛B,五险一金",后端开发,杭州
153,成都斯达领科网络科技有限公司,斯达领科,500-2000人,A轮,龙岗区,数据开发工程师,不限,本科,15k-30k,团队牛人多 提成高 出差补贴 90后团队氛围好,电商平台,开发|测试|运维类,"绩效奖金,节日礼物,帅哥多,美女多",数据开发,深圳
154,成都聚思力信息技术有限公司,成都聚思力信息技术有限公司,500-2000人,上市公司,高新区,数据开发宝宝,3-5年,本科,12k-18k,9天年假，医疗报销，旅游津贴,IT技术服务｜咨询,开发|测试|运维类,"绩效奖金,带薪年假,交通补助,午餐补助",数据开发,成都
155,成都云智天下科技股份有限公司,云智天下,50-150人,未融资,高新区,高级大数据工程师,5-10年,本科,20k-25k,公司发展良好，工作环境优越，福利完善。,"IT技术服务｜咨询,软件服务｜咨询,人工智能服务",开发|测试|运维类,"年终分红,绩效奖金,带薪年假,通讯津贴",后端开发,成都
156,中电金信软件有限公司,中电金信,2000人以上,不需要融资,海淀区,大数据开发工程师,1-3年,本科,8k-14k,內研项目 稳定性好,"IT技术服务｜咨询,软件服务｜咨询",开发|测试|运维类,"带薪年假,定期体检,节日礼物,五险一金",数据开发,北京
157,上海翡翠东方网络信息技术有限公司,翡翠东方TVBC,150-500人,不需要融资,天河区,大数据开发工程师,5-10年,本科,18k-25k,TVB平台，天河区CBD，最大的粤语社区,"内容社区,音频｜视频媒体",开发|测试|运维类,"午餐补助,交通补助,通讯津贴,定期体检",数据开发,广州
158,亿达信息技术有限公司,亿达信息,2000人以上,上市公司,天河区,数据开发工程师,1-3年,本科,10k-11k,双休，年终奖，下午茶，入职即买六险一金,"软件服务｜咨询,IT技术服务｜咨询,人工智能服务",开发|测试|运维类,,数据开发,广州
159,杭州卷瓜网络有限公司,蘑菇街,500-2000人,上市公司,西湖区,数据开发工程师,3-5年,本科,15k-30k,上市大公司,电商平台,开发|测试|运维类,"节日礼物,出国旅游,自主晋升计划,买手战略",数据开发,杭州
160,北京字节跳动科技有限公司,字节跳动,2000人以上,D轮及以上,南山区,大数据开发工程师-to B,3-5年,本科,25k-50k,弹性工作，免费三餐，租房补贴，休闲下午茶,"内容资讯,短视频",开发|测试|运维类,"扁平管理,弹性工作,就近租房补贴,六险一金",数据开发,深圳
161,北京字节跳动科技有限公司,字节跳动,2000人以上,D轮及以上,徐汇区,高级后端开发工程师-广告数据平台,1-3年,本科,20k-40k,六险一金，免费三餐，租房补贴，职业大牛,"内容资讯,短视频",开发|测试|运维类,"扁平管理,弹性工作,就近租房补贴,六险一金",后端开发,上海
162,深圳虾皮信息科技有限公司,Shopee,500-2000人,上市公司,南山区,资深反欺诈数据挖掘工程师,3-5年,本科,20k-40k,15天年假；六险一金；发展空间大；大牛多,电商平台,开发|测试|运维类,"外企氛围,蓝海市场,大牛多多,15天年假",数据开发,深圳
163,北京深演智能科技股份有限公司,深演智能,150-500人,D轮及以上,徐汇区,java开发工程师（数据平台产品）-SH,1-3年,本科,13k-25k,六险一金、年度旅游,人工智能服务,开发|测试|运维类,"股票期权,年度旅游,美女多,弹性工作",后端开发,上海
164,北京深演智能科技股份有限公司,深演智能,150-500人,D轮及以上,徐汇区,高级Java开发工程师（数据平台产品）-SH,3-5年,本科,18k-35k,技术氛围好，扁平化管理,人工智能服务,开发|测试|运维类,"股票期权,年度旅游,美女多,弹性工作",后端开发,上海
165,河北艾钉科技有限公司,河北艾钉科技,50-150人,未融资,朝阳区,大数据开发工程师,3-5年,本科,12k-20k,五险一金,企业服务,开发|测试|运维类,,数据开发,北京
166,深圳平安综合金融服务有限公司,平安金服,2000人以上,上市公司,福田区,大数据开发工程师（平安寿险）,3-5年,本科,15k-20k,寿险总部,科技金融,开发|测试|运维类,,数据开发,深圳
167,深圳平安综合金融服务有限公司,平安金服,2000人以上,上市公司,罗湖区,大数据开发工程师（数据开发方向）,3-5年,本科,25k-50k,福利待遇优厚，发展前景广阔,科技金融,开发|测试|运维类,,数据开发,深圳
168,西安睿辰文化传播有限责任公司,睿辰文化传播,50-150人,未融资,曲江新区,4731C5-大数据开发工程师,3-5年,本科,12k-17k,"五险一金,带薪年假,节日福利",硬件,开发|测试|运维类,,数据开发,西安
169,鲜丰水果股份有限公司,鲜丰水果,2000人以上,B轮,拱墅区,数据开发工程师,3-5年,本科,15k-25k,期权股票 员工食堂 员工宿舍 水果福利,其他,开发|测试|运维类,"带薪年假,弹性工作,年度旅游,岗位晋升",数据开发,杭州
170,中国平安人寿保险股份有限公司,平安人寿,2000人以上,上市公司,福田区,0231K4-数据开发工程师,3-5年,本科,10k-20k,"五险一金,带薪年假,节日福利",金融业,开发|测试|运维类,"绩效奖金,带薪年假,定期体检,节日礼物",数据开发,深圳
171,中国平安人寿保险股份有限公司,平安人寿,2000人以上,上市公司,福田区,0232JD-大数据开发工程师,3-5年,本科,10k-20k,"五险一金,带薪年假,节日福利,绩效奖金",金融业,开发|测试|运维类,"绩效奖金,带薪年假,定期体检,节日礼物",数据开发,深圳
172,北京象网科技有限公司,北京象网科技有限公司,2000人以上,A轮,朝阳区,大数据高级开发工程师,5-10年,本科,20k-35k,有竞争力的薪资，五险一金，带薪年假，餐补车补,生活服务,开发|测试|运维类,"技能培训,股票期权,带薪年假,绩效奖金",数据开发,北京
173,平安证券股份有限公司,平安证券,2000人以上,上市公司,福田区,0531A9-大数据开发工程师,1-3年,本科,15k-20k,"五险一金,带薪年假,绩效奖金,定期体检",金融业,开发|测试|运维类,"技能培训,年度旅游,岗位晋升,管理规范",后端开发,深圳
174,柔持（北京）科技有限公司,鲸鱼外教培优,500-2000人,B轮,朝阳区,数据开发工程师,3-5年,本科,25k-35k,六险一金、带薪年假、年终奖,在线教育,开发|测试|运维类,"绩效奖金,带薪年假,节日礼物,弹性工作",数据开发,北京
175,深圳市博悦科创科技有限公司,博悦科创,500-2000人,不需要融资,福田区,大数据开发工程师,1-3年,本科,11k-18k,"五险一金,绩效奖金,员工旅游,定期体检",IT技术服务｜咨询,开发|测试|运维类,"年底双薪,定期体检,绩效奖金,技能培训",数据开发,深圳
176,思凯思特（北京）科技有限公司,PINTEC,150-500人,上市公司,朝阳区,数据运维工程师,3-5年,本科,20k-35k,六险一金、弹性工作,"移动互联网,金融",开发|测试|运维类,"弹性工作,年终奖金,定期体检,扁平管理",运维,北京
177,广州太平洋电脑信息咨询有限公司,太平洋网络有限公司,500-2000人,上市公司,天河区,数据开发工程师,3-5年,本科,15k-30k,发展前景好,"内容资讯,电商平台,消费生活",开发|测试|运维类,"年底双薪,绩效奖金,五险一金,带薪年假",数据开发,广州
178,松果体（深圳）科技有限公司,松果体科技,15-50人,天使轮,南山区,大数据开发工程师,5-10年,本科,30k-50k,精锐AI团队、年度旅行、周末双休、入职3万装备,"企业服务,人工智能",开发|测试|运维类,"年底双薪,带薪年假,交通补助,定期体检",数据开发,深圳
179,北京金堤科技有限公司,天眼查,500-2000人,不需要融资,海淀区,数据开发工程师,不限,本科,20k-40k,"精湛的团队,超牛的技术,超棒的领导",数据服务｜咨询,开发|测试|运维类,"专项奖金,股票期权,带薪年假,定期体检",数据开发,北京
180,北京金堤科技有限公司,天眼查,500-2000人,不需要融资,海淀区,大数据开发工程师,不限,本科,30k-50k,职业发展,数据服务｜咨询,开发|测试|运维类,"专项奖金,股票期权,带薪年假,定期体检",后端开发,北京
181,现代财产保险（中国）有限公司,现代财产保险,50-150人,未融资,朝阳区,大数据开发工程师,3-5年,本科,20k-30k,互联网保险公司,科技金融,开发|测试|运维类,,数据开发,北京
182,网易（杭州）网络有限公司,网易,2000人以上,上市公司,海淀区,数据开发工程师,3-5年,本科,25k-40k,"免费班车,免费餐食","内容资讯,游戏,音频｜视频媒体",开发|测试|运维类,"节日礼物,技能培训,免费班车,带薪年假",数据开发,北京
183,北京猫眼文化传媒有限公司,猫眼电影,500-2000人,未融资,东城区,数据开发工程师,3-5年,本科,17k-32k,高成长,消费生活,开发|测试|运维类,,数据开发,北京
184,车轮互联科技（上海）股份有限公司,车轮,150-500人,D轮及以上,闵行区,大数据开发工程师,1-3年,本科,20k-30k,氛围佳、福利好、发展空间大,工具类产品,开发|测试|运维类,"节日礼物,领导好,美女多,五险一金",数据开发,上海
185,上海群蚁信息科技有限公司,群蚁信息,15-50人,未融资,长宁区,大数据开发工程师,3-5年,本科,16k-25k,聚焦政府大数据，助力城市精细化管理,"IT技术服务｜咨询,人工智能服务",开发|测试|运维类,"技能培训,年度旅游,岗位晋升,扁平管理",数据开发,上海
186,车轮互联科技（上海）股份有限公司,车轮,150-500人,D轮及以上,闵行区,大数据开发工程师,5-10年,本科,30k-50k,氛围佳、福利好、发展空间大,工具类产品,开发|测试|运维类,"节日礼物,领导好,美女多,五险一金",运维,上海
187,平安健康保险股份有限公司,平安健康保险,500-2000人,未融资,徐汇区,09310J-大数据平台开发工程师,3-5年,本科,15k-25k,"五险一金,绩效奖金,节日福利,带薪年假",金融业,开发|测试|运维类,,数据开发,上海
188,平安健康保险股份有限公司,平安健康保险,500-2000人,未融资,徐汇区,09411B-大数据开发工程师,5-10年,本科,20k-40k,"五险一金,绩效奖金,带薪年假,定期体检",金融业,开发|测试|运维类,,数据开发,上海
189,安徽百得思维信息科技有限公司,百得思维,2000人以上,未融资,高新区,大数据开发工程师,1-3年,大专,9k-11k,餐补+交通补+话补+节日福利+双休+班车,人工智能服务,开发|测试|运维类,"带薪年假,绩效奖金,定期体检,午餐补助",数据开发,合肥
190,安徽百得思维信息科技有限公司,百得思维,2000人以上,未融资,庐阳区,大数据开发工程师,1-3年,本科,11k-15k,五险一金+双休+餐补+油补+话补,人工智能服务,开发|测试|运维类,"带薪年假,绩效奖金,定期体检,午餐补助",数据开发,合肥
191,深圳虾皮信息科技有限公司,Shopee,500-2000人,上市公司,南山区,【急招专场】供应链-数据开发工程师,不限,本科,25k-40k,15天年假，15薪，东南亚出差机会,电商平台,开发|测试|运维类,"外企氛围,蓝海市场,大牛多多,15天年假",数据开发,深圳
192,北京友友天宇系统技术有限公司,友友系统,150-500人,D轮及以上,朝阳区,中级大数据工程师,3-5年,本科,11k-18k,银行类大数据项目开发及测试,"数据服务｜咨询,IT技术服务｜咨询",开发|测试|运维类,"年终分红,股票期权,五险一金,通讯津贴",后端开发,北京
193,北京友友天宇系统技术有限公司,友友系统,150-500人,D轮及以上,朝阳区,高级大数据工程师,5-10年,本科,15k-30k,银行类大数据项目开发及测试,"数据服务｜咨询,IT技术服务｜咨询",开发|测试|运维类,"年终分红,股票期权,五险一金,通讯津贴",后端开发,北京
194,政采云有限公司,政采云,150-500人,不需要融资,西湖区,高级数据开发工程师,5-10年,本科,13k-25k,阿里生态 周末双休 发展前景超棒,"人工智能服务,数据服务｜咨询",开发|测试|运维类,"带薪年假,绩效奖金,定期体检,弹性工作",数据开发,杭州
195,政采云有限公司,政采云,150-500人,不需要融资,西湖区,数据架构开发工程师 (MJ000233),5-10年,本科,26k-35k,发展前景 团队实力,"人工智能服务,数据服务｜咨询",开发|测试|运维类,"带薪年假,绩效奖金,定期体检,弹性工作",数据开发,杭州
196,深圳市一面网络技术有限公司,一面数据,50-150人,不需要融资,南山区,大数据测试工程师,不限,本科,10k-20k,大数据人工智能；清华系大牛；技术氛围浓,"数据服务｜咨询,人工智能服务",开发|测试|运维类,"海归精英团队,年度旅游,定期体检,年终分红",测试,深圳
197,上海艾融软件股份有限公司,艾融股份,500-2000人,上市公司,浦东新区,大数据开发工程师,3-5年,本科,15k-18k,五险一金；周末双休；绩效奖金；团队氛围好,软件服务｜咨询,开发|测试|运维类,"互联网金融,股票期权,顶级银行工程,技术大牛",数据开发,上海
198,重庆脉乘科技有限公司,M.C.,少于15人,天使轮,大渡口区,数据开发工程师,1-3年,不限,5k-7k,招个技术人才吧,"数据服务,企业服务",开发|测试|运维类,,数据开发,重庆
199,深圳前海百递网络有限公司,金蝶快递100,150-500人,A轮,南山区,大数据开发工程师,3-5年,本科,17k-25k,千万级产品，大平台，发展前景好，就等你来,物流平台,开发|测试|运维类,"年底双薪,专项奖金,定期体检,下午茶",数据开发,深圳
200,广东新明珠陶瓷集团有限公司,新明珠集团,2000人以上,未融资,禅城区,数据挖掘工程师,5-10年,本科,13k-25k,五险一金 餐补 带薪假日 节日福利,"批发｜零售,贸易｜进出口,房地产｜建筑｜物业",开发|测试|运维类,,数据开发,佛山
201,福建顶点软件股份有限公司,顶点软件,500-2000人,上市公司,福田区,大数据开发工程师,1-3年,本科,10k-18k,金融科技、证券,"软件服务｜咨询,IT技术服务｜咨询",开发|测试|运维类,"技能培训,节日礼物,专项奖金,带薪年假",数据开发,深圳
202,北京善义善美科技有限公司,人人车,2000人以上,D轮及以上,朝阳区,大数据开发工程师,3-5年,本科,20k-25k,核心业务,汽车交易平台,开发|测试|运维类,"岗位晋升,扁平管理,个人成长快,牛人多",数据开发,北京
203,神策网络科技（北京）有限公司,神策数据,500-2000人,C轮,高新区,大数据交付开发工程师-成都,1-3年,本科,8k-13k,项目前景好，公司大牛多多多,数据服务｜咨询,开发|测试|运维类,"节日礼物,年底双薪,股票期权,带薪年假",数据开发,成都
204,神策网络科技（北京）有限公司,神策数据,500-2000人,C轮,高新区,大数据交付开发工程师-成都,1-3年,不限,8k-13k,项目前景好，公司大牛多多多,数据服务｜咨询,开发|测试|运维类,"节日礼物,年底双薪,股票期权,带薪年假",数据开发,成都
205,平安银行股份有限公司,平安银行,2000人以上,上市公司,罗湖区,BK32UH-大数据工程师（数据开发方向）,3-5年,本科,20k-30k,"五险一金,节日福利,定期体检",金融业,开发|测试|运维类,"带薪年假,午餐补助,定期体检,绩效奖金",数据开发,深圳
206,湖北良品铺子食品工业有限公司,良品铺子,2000人以上,上市公司,东西湖区,数据开发工程师,3-5年,本科,10k-16k,平台大，待遇好,"批发｜零售,贸易｜进出口,电商平台",开发|测试|运维类,"生日趴,技能培训,节日礼物,绩效奖金",数据开发,武汉
207,广州汇智通信技术有限公司,广州汇智通信技术有限公司,500-2000人,不需要融资,海淀区,大数据开发工程师,不限,本科,15k-20k,补充商业保险,信息安全,开发|测试|运维类,"国资背景,年底双薪,绩效奖金,带薪年假",数据开发,北京
208,威讯柏睿数据科技（北京）有限公司,柏睿数据,50-150人,C轮,朝阳区,大数据一体机工程师/专家,3-5年,本科,15k-30k,大数据 多绩效 C轮,数据服务｜咨询,开发|测试|运维类,"股票期权,专项奖金,带薪年假,弹性工作",企业软件,北京
209,泰康保险集团股份有限公司,泰康保险集团,2000人以上,不需要融资,昌平区,大数据开发,5-10年,本科,25k-35k,工作环境和氛围好，关注员工长期健康,金融业,开发|测试|运维类,"交通补助,午餐补助,带薪年假,定期体检",数据开发,北京
210,杭州腾展科技股份有限公司,腾展科技,150-500人,上市公司,西湖区,数据开发工程师,3-5年,本科,15k-25k,全球市场 过亿用户 股票期权,网络通信,开发|测试|运维类,"出国旅游,股票期权,精英团队,强悍的创始人",数据开发,杭州
211,广州源创信息科技有限公司,广州源创,50-150人,不需要融资,普陀区,数据库开发工程师（自研）,3-5年,本科,12k-20k,个人发展，工作稳定,"IT技术服务｜咨询,软件服务｜咨询",开发|测试|运维类,"扁平管理,领导好,五险一金,绩效奖金",数据开发,上海
212,深圳小鹅网络技术有限公司,小鹅（小鹅通）,500-2000人,C轮,南山区,大数据测试工程师,3-5年,本科,18k-25k,一年15薪 周末双休 六险一金 年度体检,工具类产品,开发|测试|运维类,"扁平管理,领导nice,专项奖金,定期体检",测试,深圳
213,杭州火烧云科技有限公司,婚礼纪,500-2000人,D轮及以上,西湖区,大数据开发工程师,1-3年,本科,13k-25k,大牛多，发展空间大，前沿赛道，股票期权激励,生活服务,开发|测试|运维类,"六险一金,快乐高效文化,绩效奖金,信任",数据开发,杭州
214,浙江达摩网络科技有限公司,达摩网络,150-500人,A轮,余杭区,大数据开发工程师,1-3年,本科,10k-20k,海量数据 发展空间大,"软件服务｜咨询,IT技术服务｜咨询",开发|测试|运维类,"扁平管理,节日礼物,岗位晋升,定期体检",数据开发,杭州
215,北京鲸航科技有限公司,鲸航科技,50-150人,A轮,海淀区,语音数据工程师,3-5年,本科,15k-30k,五险一金，发展空间大，扁平化,在线教育,开发|测试|运维类,"股票期权,带薪年假,扁平管理,美女多",数据开发,北京
216,北京字节跳动科技有限公司,字节跳动,2000人以上,D轮及以上,海淀区,数据仓库开发工程师--飞书,3-5年,本科,25k-50k,"六险一金,股票期权,团队氛围好","内容资讯,短视频",开发|测试|运维类,"扁平管理,弹性工作,就近租房补贴,六险一金",数据开发,北京
217,北京字节跳动科技有限公司,字节跳动,2000人以上,D轮及以上,海淀区,前端开发工程师 - UG数据可视化,1-3年,本科,25k-50k,"六险一金,弹性工作,免费三餐,租房补贴","内容资讯,短视频",开发|测试|运维类,"扁平管理,弹性工作,就近租房补贴,六险一金",移动前端开发,北京
218,深圳平安综合金融服务有限公司,平安金服,2000人以上,上市公司,罗湖区,高级/资深数据开发工程师,5-10年,本科,25k-50k,福利待遇优厚，发展前景广阔,科技金融,开发|测试|运维类,,数据开发,深圳
219,深圳虾皮信息科技有限公司,Shopee,500-2000人,上市公司,南山区,【新加坡】高级软件工程师：大数据开发,3-5年,本科,30k-60k,海外 发展前景 外企 福利待遇 上市公司,电商平台,开发|测试|运维类,"外企氛围,蓝海市场,大牛多多,15天年假",数据开发,深圳
220,深圳虾皮信息科技有限公司,Shopee,500-2000人,上市公司,南山区,数据应用高级前端开发工程师,3-5年,本科,30k-50k,新加坡外企、技术氛围浓厚,电商平台,开发|测试|运维类,"外企氛围,蓝海市场,大牛多多,15天年假",前端开发,深圳
221,上海海万信息科技股份有限公司,海万科技,500-2000人,不需要融资,福田区,大数据开发 S,3-5年,大专,10k-20k,环境好，年假，双休！,"软件服务｜咨询,IT技术服务｜咨询",开发|测试|运维类,,数据开发,深圳
222,上海陆家嘴国际金融资产交易市场股份有限公司,陆金所,2000人以上,上市公司,浦东新区,25218N-大数据开发工程师,3-5年,本科,15k-26k,"五险一金,绩效奖金,带薪年假,节日福利",科技金融,开发|测试|运维类,"年底双薪,专项奖金,股票期权,绩效奖金",数据开发,上海
223,平安养老保险股份有限公司,平安养老保险股份有限公司,2000人以上,上市公司,浦东新区,0831OT-高级大数据平台开发工程师,3-5年,本科,15k-25k,"五险一金,年底双薪,带薪年假,定期体检",金融业,开发|测试|运维类,,数据开发,上海
224,百望股份有限公司,百望,500-2000人,B轮,海淀区,大数据开发工程师,5-10年,本科,25k-35k,全额社保公积金,移动互联网,开发|测试|运维类,"技能培训,节日礼物,专项奖金,带薪年假",数据开发,北京
225,平安科技（深圳）有限公司,平安科技,2000人以上,上市公司,南山区,114116-高级/资深大数据开发工程师,3-5年,本科,15k-30k,"五险一金,绩效奖金,带薪年假,定期体检","科技金融,人工智能服务,软件服务｜咨询",开发|测试|运维类,"六险一金,扁平化管理,丰厚年终,丰富技术交流",数据开发,深圳
226,平安科技（深圳）有限公司,平安科技,2000人以上,上市公司,南山区,11411M-数据中心运维开发工程师,3-5年,本科,12k-24k,"五险一金,带薪年假,节日福利,绩效奖金","科技金融,人工智能服务,软件服务｜咨询",开发|测试|运维类,"六险一金,扁平化管理,丰厚年终,丰富技术交流",运维,深圳
227,中国平安人寿保险股份有限公司,平安人寿,2000人以上,上市公司,浦东新区,0232LS-大数据开发工程师,1-3年,本科,15k-25k,"五险一金,年终分红,带薪年假,定期体检",金融业,金融类,"绩效奖金,带薪年假,定期体检,节日礼物",保险,上海
228,晟至技术有限公司,晟至技术,50-150人,未融资,朝阳区,大数据研发工程师（SZ20228）,3-5年,硕士,10k-20k,六险一金/节日福利/生日福利/年终奖金,"软件服务｜咨询,IT技术服务｜咨询,专业服务｜咨询",开发|测试|运维类,"年终奖,六险一金,弹性工作,管理规范",数据开发,北京市
229,深圳市华云中盛科技股份有限公司,华云中盛,500-2000人,不需要融资,朝阳区,大数据开发工程师,3-5年,本科,15k-20k,发展空间大,"数据服务｜咨询,人工智能服务",开发|测试|运维类,"绩效奖金,带薪年假,通讯津贴,定期体检",数据开发,北京
230,北京奇艺世纪科技有限公司,爱奇艺,2000人以上,上市公司,海淀区,海外-大数据开发工程师（北京）--3828,3-5年,本科,25k-50k,"晋升空间,新业务",音频｜视频媒体,开发|测试|运维类,"绩效奖金,五险一金,交通补助,带薪年假",数据开发,北京
231,厦门吉比特网络技术股份有限公司,吉比特,500-2000人,上市公司,南山区,大数据开发工程师,3-5年,本科,25k-45k,旅游福利 带薪假丰富 购房借款,游戏,开发|测试|运维类,"上市游戏公司,百万购房借款,兴趣导向,12%公积金",数据开发,深圳
232,杭州在在科技有限公司北京分公司,杭州在在科技有限公司北京分公司,150-500人,A轮,朝阳区,大数据开发工程师,3-5年,本科,15k-30k,风口行业，靠谱团队，发展空间，丰厚福利,"软件服务｜咨询,IT技术服务｜咨询",开发|测试|运维类,"弹性工作,大牛多,五险一金,年度旅游",数据开发,北京
233,南京蓝鲸人网络科技有限公司,美篇,150-500人,B轮,海淀区,大数据开发工程师 (MJ000055),3-5年,本科,20k-35k,六险一金,内容社区,开发|测试|运维类,"弹性工作,期权激励,六险一金,租房补贴",数据开发,北京
234,浙江预策科技有限公司,预策科技,50-150人,A轮,余杭区,数据开发工程师,不限,本科,15k-30k,准独角兽企业 全额六险一金 大牛多 扁平化,"数据服务｜咨询,人工智能服务",开发|测试|运维类,"弹性工作,扁平管理,管理规范,五险一金",数据开发,杭州
235,上海弘连网络科技有限公司,弘连网络,50-150人,未融资,闵行区,电子数据取证 / 信息安全工程师,不限,本科,10k-20k,弹性工作、内部培训、技术挑战、年底多薪,数据服务｜咨询,开发|测试|运维类,"技能培训,绩效奖金,定期体检,五险一金",运维,上海
236,易宝软件科技（南京）有限公司,易宝软件科技（南京）有限公司,150-500人,上市公司,福田区,大数据开发工程师,不限,本科,15k-30k,发展空间大,"软件服务｜咨询,IT技术服务｜咨询",开发|测试|运维类,,数据开发,深圳
237,锦江信息技术（广州）有限公司,锦江信息技术（广州）有限公司,500-2000人,不需要融资,海珠区,数据开发工程师,1-3年,本科,10k-15k,氛围好,旅游｜出行,开发|测试|运维类,"节日礼物,技能培训,绩效奖金,年度旅游",后端开发,广州
238,食亨（上海）科技服务有限公司,食亨,500-2000人,B轮,虹口区,大数据开发工程师,1-3年,本科,15k-25k,企业大牛多，行业前景好，漂亮妹子多,营销服务｜咨询,开发|测试|运维类,"绩效奖金,专项奖金,节日礼物,领导好",数据开发,上海
239,北京字节跳动科技有限公司,字节跳动,2000人以上,D轮及以上,海淀区,数据仓库开发高级工程师,3-5年,本科,20k-40k,六险一金,"内容资讯,短视频",开发|测试|运维类,"扁平管理,弹性工作,就近租房补贴,六险一金",数据开发,北京
240,北京字节跳动科技有限公司,字节跳动,2000人以上,D轮及以上,闵行区,Growth前端开发工程师-数据可视化方向,不限,本科,20k-40k,"下午茶,健身瑜伽,六险一金,团队氛围好","内容资讯,短视频",开发|测试|运维类,"扁平管理,弹性工作,就近租房补贴,六险一金",移动前端开发,上海
241,珠海云迈网络科技有限公司,云迈网络,50-150人,不需要融资,南山区,大数据开发工程师,1-3年,本科,10k-18k,"季度项目奖,丰厚年终奖,年度出国游",MCN｜直播平台,开发|测试|运维类,"带薪年假,绩效奖金,年度旅游,扁平管理",数据开发,深圳
242,深圳市德科信息技术有限公司,德科信息,2000人以上,不需要融资,宝安区,大数据开发工程师,3-5年,本科,16k-23k,平台好，项目好，大牛带队,物联网,开发|测试|运维类,"股票期权,帅哥多,领导好,技能培训",数据开发,深圳
243,杭州知衣科技有限公司,知衣科技,150-500人,A轮,萧山区,大数据开发工程师,3-5年,本科,18k-30k,大牛团队 大数据,人工智能服务,开发|测试|运维类,"大牛团队,扁平管理,年底双薪,股票期权",数据开发,杭州
244,上海机场国际旅行社有限公司,机场国旅,500-2000人,未融资,长宁区,大数据开发工程师,5-10年,本科,20k-40k,额外年休假 晋升空间大 扁平化管理 领导好,旅游｜出行,开发|测试|运维类,"股票期权,绩效奖金,带薪年假,定期体检",数据开发,上海
245,易玩（上海）网络科技有限公司,TapTap,50-150人,B轮,闸北区,数据分析工程师(J11958),1-3年,本科,15k-25k,一日三餐、饮料零食免费、无限年假,"内容社区,游戏",开发|测试|运维类,"年底双薪,绩效奖金,交通补助,带薪年假",数据开发,上海
246,北京云动数字媒体技术有限公司,会小二网,150-500人,B轮,朝阳区,大数据开发工程师,3-5年,本科,17k-30k,行业领先；知名VC；精英团队；期权奖励,专业服务｜咨询,开发|测试|运维类,"行业领先,扁平化管理,学习型组织,发展空间大",数据开发,北京
247,企家有道网络技术（北京）有限公司,薪人薪事,150-500人,C轮,朝阳区,数据开发工程师,1-3年,本科,15k-30k,全额五险一金、大牛带队、技术氛围好,软件服务｜咨询,开发|测试|运维类,"股票期权,扁平管理,弹性工作,无限量零食",数据开发,北京
248,北京搜狐新媒体信息技术有限公司,搜狐集团,2000人以上,上市公司,海淀区,大数据开发工程师,3-5年,本科,20k-40k,大平台、团队优秀,"内容资讯,游戏,音频｜视频媒体",开发|测试|运维类,"节日礼物,项目奖金,弹性工作时间,15天年假",数据开发,北京
249,上海众调信息科技有限公司,上海众调科技,50-150人,A轮,嘉定区,大数据性能测试工程师,1-3年,本科,15k-20k,团队有大牛 待遇优厚 项目前景好 个人技能,移动互联网,开发|测试|运维类,"带薪年假,弹性工作,节日礼物,领导好",测试,上海
250,北京云动数字媒体技术有限公司,会小二网,150-500人,B轮,朝阳区,大数据开发工程师,5-10年,本科,20k-40k,"知名VC,行业领先,精英团队,成长空间",专业服务｜咨询,开发|测试|运维类,"行业领先,扁平化管理,学习型组织,发展空间大",数据开发,北京
251,深圳市赢时胜信息技术股份有限公司,赢时胜软件,500-2000人,上市公司,浦东新区,大数据应用开发工程师,3-5年,本科,12k-20k,技术新，团队融洽,软件服务｜咨询,开发|测试|运维类,"活动多多,氛围轻松,自研产品,上市公司",数据开发,上海
252,深圳市赢时胜信息技术股份有限公司,赢时胜软件,500-2000人,上市公司,浦东新区,大数据开发工程师-中信项目,1-3年,大专,15k-25k,岗位稳定，薪资高,软件服务｜咨询,开发|测试|运维类,"活动多多,氛围轻松,自研产品,上市公司",数据开发,上海
253,上海思贤信息技术有限公司,思贤科技,50-150人,B轮,徐汇区,大数据开发工程师,3-5年,本科,20k-40k,五险一金 年终奖金 交通补贴 年度旅游,"数据服务｜咨询,人工智能服务",开发|测试|运维类,"技能培训,绩效奖金,岗位晋升,管理规范",数据开发,上海
254,上海快仓智能科技有限公司,快仓智能仓储,150-500人,C轮,徐汇区,大数据开发工程师,3-5年,本科,15k-25k,智能仓储机器人公司,智能硬件,开发|测试|运维类,"股票期权,五险一金,弹性工作,午餐补助",数据开发,上海
255,北京京东尚科信息技术有限公司,京东,2000人以上,上市公司,朝阳区,资深大数据开发工程师,5-10年,本科,50k-96k,待遇丰厚，快速上升期,电商,开发|测试|运维类,,数据开发,北京
256,深圳盈佳信联科技有限公司,盈佳信联,150-500人,A轮,南山区,大数据开发工程师,3-5年,本科,15k-25k,B2B金融科技 发展潜力大 氛围Nice 福利全,科技金融,开发|测试|运维类,"带薪年假,绩效奖金,定期体检,弹性工作",数据开发,深圳
257,北京三快在线科技有限公司,美团,2000人以上,上市公司,朝阳区,高级数据开发工程师-城际交通,1-3年,本科,25k-40k,成长空间大，团队氛围好,消费生活,开发|测试|运维类,"技能培训,绩效奖金,岗位晋升,领导好",数据开发,北京
258,杭州半云科技有限公司,半云科技,150-500人,天使轮,高新区,大数据开发工程师,3-5年,本科,10k-20k,五险一金 带薪年假 定期体检 节日福利,人工智能服务,开发|测试|运维类,,数据开发,合肥
259,杭州半云科技有限公司,半云科技,150-500人,天使轮,西湖区,大数据开发工程师,1-3年,本科,6k-12k,节日福利、定期体检、六险一金、绩效奖金,人工智能服务,开发|测试|运维类,,数据开发,杭州
260,浙江远图互联科技股份有限公司,浙江远图互联科技股份有限公司,150-500人,上市公司,西湖区,大数据开发工程师,1-3年,本科,11k-22k,互联网医疗 大数据开发,"人工智能服务,在线医疗",开发|测试|运维类,"带薪年假,定期体检,专项奖金,股票期权",数据开发,杭州
261,北京寄云鼎城科技有限公司,寄云科技,50-150人,B轮,海淀区,大数据算法工程师,3-5年,硕士,20k-40k,扁平管理、五险一金、带薪年假、股票期权,"数据服务｜咨询,IT技术服务｜咨询",开发|测试|运维类,"绩效奖金,弹性工作,年度旅游,岗位晋升",人工智能,北京
262,浙江正泰网络技术有限公司,浙江正泰网络技术有限公司,2000人以上,不需要融资,滨江区,数据开发工程师,5-10年,本科,20k-29k,平台大,"电商,数据服务",开发|测试|运维类,"节日礼物,免费班车,带薪年假,绩效奖金",数据开发,杭州
263,武汉市锶兰科技开发有限责任公司,武汉锶兰科技,15-50人,A轮,洪山区,大数据开发工程师,3-5年,本科,20k-40k,精英团队，硅谷AI新贵，扁平化管理，弹性工作,不限,产品|需求|项目类,,数据分析,武汉
264,南京青麦供应链有限公司,青麦供应链,500-2000人,C轮,雨花台区,大数据开发工程师,1-3年,本科,12k-18k,五险一金 弹性上班 股票期权,新零售,开发|测试|运维类,"年终分红,股票期权,弹性工作,节日礼物",数据开发,南京
265,深圳北纬三十度信息科技有限公司,北纬三十度,150-500人,未融资,南山区,大数据开发工程师,不限,大专,20k-35k,大平台 福利好 发展前景好,电商平台,开发|测试|运维类,,数据开发,深圳
266,深圳市博胜丰科技有限公司,博胜丰,50-150人,未融资,福田区,数据开发工程师,1-3年,本科,12k-17k,领导nice，团队nice，薪资nice,"数据服务｜咨询,IT技术服务｜咨询",开发|测试|运维类,"绩效奖金,交通补助,带薪年假",数据开发,深圳
267,深圳市睿服科技有限公司,金证睿服,2000人以上,上市公司,天河区,数据开发工程师,1-3年,大专,11k-18k,六险一金，周末双休，年终奖，节日福利,软件服务｜咨询,开发|测试|运维类,,数据开发,广州
268,上海悦程信息技术有限公司,NSOC大数据智能、可视化,15-50人,A轮,浦东新区,数据治理工程师,1-3年,本科,10k-20k,技术提升快 弹性工作,"数据服务｜咨询,人工智能服务",开发|测试|运维类,"年底双薪,专项奖金,绩效奖金,带薪年假",数据开发,上海
269,重庆渝欧跨境电子商务股份有限公司,渝欧股份,150-500人,不需要融资,渝中区,大数据开发工程师,1-3年,本科,10k-15k,五险一金，绩效奖金，年终奖，扁平管理,电商平台,开发|测试|运维类,"带薪年假,绩效奖金,岗位晋升,扁平管理",数据开发,重庆
270,北京嘀嘀无限科技发展有限公司,滴滴,2000人以上,不需要融资,海淀区,大数据开发工程师,3-5年,本科,20k-40k,绩效奖金，五险一金，弹性工作，发展空间大,旅游｜出行,开发|测试|运维类,"弹性工作,节日礼物,岗位晋升,技能培训",数据开发,北京
271,成都昕月互动科技有限公司,北美省钱快报,150-500人,不需要融资,高新区,大数据开发工程师,3-5年,本科,12k-20k,"五险一金,周末双休,年底奖金,氛围轻松",内容社区,开发|测试|运维类,"年底双薪,定期体检,弹性工作,节日礼物",数据开发,成都
272,北京字节跳动科技有限公司,字节跳动,2000人以上,D轮及以上,杨浦区,高级后端开发工程师—数据方向,3-5年,本科,22k-44k,"下午茶,健身瑜伽,六险一金,团队氛围好","内容资讯,短视频",开发|测试|运维类,"扁平管理,弹性工作,就近租房补贴,六险一金",后端开发,上海
273,北京字节跳动科技有限公司,字节跳动,2000人以上,D轮及以上,海淀区,后端开发工程师-数据建设方向,3-5年,本科,30k-60k,"下午茶,六险一金,团队氛围好,用户过亿","内容资讯,短视频",开发|测试|运维类,"扁平管理,弹性工作,就近租房补贴,六险一金",后端开发,北京
274,北京必示科技有限公司,必示科技,150-500人,B轮,海淀区,大数据开发工程师,不限,本科,20k-40k,人工智能，大数据，五险一金，奖金，福利,"软件服务｜咨询,人工智能服务",开发|测试|运维类,"五险一金,带薪年假,无限零食,极客氛围",数据开发,北京
275,广发银行股份有限公司信用卡中心,广发银行信用卡中心,2000人以上,不需要融资,天河区,数据开发工程师,3-5年,本科,12k-24k,平台大,金融业,开发|测试|运维类,"管理规范,平台大机遇好,金融科技,绩效奖金",数据开发,广州
276,中科软科技股份有限公司,中科软,2000人以上,上市公司,石景山区,数据-应用运维工程师,1-3年,大专,10k-20k,完善的职位晋升制度/职称评审、学历深造,IT技术服务｜咨询,开发|测试|运维类,,运维,北京
277,北京明途真科技有限公司,ME2ZEN,150-500人,上市公司,东城区,数据开发工程师,3-5年,本科,18k-30k,六险一金 年底多薪 免费午晚餐,游戏,开发|测试|运维类,"带薪年假,年底多薪,免费午晚餐,六险一金",数据开发,北京
278,浙江邦盛科技有限公司,邦盛科技,500-2000人,C轮,海淀区,大数据开发工程师,3-5年,本科,15k-25k,年底双薪 绩效奖金 管理规范 五险一金,"信息安全,人工智能服务",开发|测试|运维类,"带薪年假,午餐补助,年底双薪,股票期权",数据开发,北京
279,建顺信息科技（广州）有限公司,建顺信息,50-150人,B轮,天河区,大数据开发工程师,1-3年,本科,20k-25k,弹性工作 五险一金 年终奖金,"软件服务｜咨询,物流平台",开发|测试|运维类,"带薪年假,弹性工作,领导好,五险一金",数据开发,广州
280,深圳市博奥特科技有限公司,博奥特科技,500-2000人,未融资,福田区,数据开发工程师,3-5年,大专,15k-20k,大咖云集,"IT技术服务｜咨询,软件服务｜咨询",开发|测试|运维类,"绩效奖金,领导好,帅哥多,美女多",数据开发,深圳
281,万兴科技集团股份有限公司,万兴科技集团股份有限公司,500-2000人,上市公司,南山区,高级大数据开发工程师 (MJ000195),5-10年,本科,25k-40k,上市公司 高成长性 发展空间大,"工具类产品,软件服务｜咨询",开发|测试|运维类,"股票期权,骨干配车,创业平台,餐饮补助",数据开发,深圳
282,贝壳找房（北京）科技有限公司,贝壳,2000人以上,上市公司,海淀区,数据开发工程师,3-5年,本科,20k-40k,免费三餐 发展空间大,居住服务,开发|测试|运维类,"股票期权,带薪年假,绩效奖金,扁平管理",数据开发,北京
283,汉熵通信有限公司,汉熵通信有限公司,50-150人,不需要融资,海淀区,大数据开发工程师,不限,本科,15k-30k,精英团队 扁平化管理 公司高速发展,"物联网,智能硬件",开发|测试|运维类,"股票期权,带薪年假,定期体检,扁平管理",数据开发,北京
284,支付宝（杭州）信息技术有限公司,蚂蚁集团,2000人以上,上市公司,西湖区,大数据开发工程师,不限,本科,20k-40k,蚂蚁搜/推/广核心平台岗位,科技金融,开发|测试|运维类,"年底双薪,带薪年假,股票期权,绩效奖金",后端开发,杭州
285,深圳市智灵时代科技有限公司,智灵时代,50-150人,不需要融资,南山区,大数据开发工程师,3-5年,本科,15k-25k,AI金融科技、发展前景大、股东方实力雄厚,人工智能服务,开发|测试|运维类,"扁平管理,技能培训,岗位晋升,Bat团队",数据开发,深圳
286,北京字节跳动科技有限公司,字节跳动,2000人以上,D轮及以上,南山区,数据平台开发工程师,1-3年,本科,22k-44k,"弹性工作,免费三餐,租房补贴,扁平管理","内容资讯,短视频",开发|测试|运维类,"扁平管理,弹性工作,就近租房补贴,六险一金",数据开发,深圳
287,北京字节跳动科技有限公司,字节跳动,2000人以上,D轮及以上,海淀区,数据仓库开发工程师,不限,本科,20k-40k,"下午茶,免费三餐,租房补贴,五险一金","内容资讯,短视频",开发|测试|运维类,"扁平管理,弹性工作,就近租房补贴,六险一金",后端开发,北京
288,深圳市智灵时代科技有限公司,智灵时代,50-150人,不需要融资,天河区,大数据开发工程师,5-10年,本科,20k-35k,快速发展 背景强大 大牛团队,人工智能服务,开发|测试|运维类,"扁平管理,技能培训,岗位晋升,Bat团队",数据开发,广州
289,北京当当网信息技术有限公司,当当网,2000人以上,上市公司,朝阳区,数据开发工程师,1-3年,本科,15k-25k,知名电商 发展空间大 弹性 绩效奖金,电商平台,开发|测试|运维类,"年底双薪,节日礼物,技能培训,绩效奖金",数据开发,北京
290,北京当当网信息技术有限公司,当当网,2000人以上,上市公司,朝阳区,大数据开发工程师,5-10年,本科,23k-45k,知名电商 成长空间大 弹性制 福利丰厚,电商平台,开发|测试|运维类,"年底双薪,节日礼物,技能培训,绩效奖金",数据开发,北京
291,企知道网络技术有限公司,企知道,2000人以上,未融资,南山区,大数据开发工程师,不限,本科,20k-40k,季度绩效、年终奖,人工智能服务,开发|测试|运维类,"专项奖金,带薪年假,弹性工作,扁平管理",数据开发,深圳
292,联咖信息（上海）有限公司,联咖信息,50-150人,未融资,徐汇区,大数据开发工程师,5-10年,本科,15k-25k,年终奖金、住房补贴、交通补贴、餐补,"软件服务｜咨询,内容社区",开发|测试|运维类,,数据开发,上海
293,陕西康德曼信息技术有限公司,康德曼,50-150人,未融资,徐汇区,大数据应用开发,3-5年,本科,20k-25k,国企 上市公司 不加班 福利待遇好 氛围好,智能硬件,产品|需求|项目类,,数据分析,上海
294,秒针信息技术有限公司,明略科技集团,2000人以上,D轮及以上,浦东新区,大数据开发工程师,3-5年,本科,20k-30k,行业TOP;团队氛围，晋升空间；福利待遇,"数据服务｜咨询,人工智能服务",开发|测试|运维类,"六险一金,年底双薪,绩效奖金,完成E轮融资",数据开发,上海
295,咪咕文化科技有限公司,咪咕,2000人以上,不需要融资,浦东新区,大数据开发工程师,3-5年,本科,20k-40k,年终奖 带薪年假 交通补助 通讯津贴等,"音频｜视频媒体,短视频,影视｜动漫",开发|测试|运维类,"定期体检,带薪年假,绩效奖金,专项奖金",数据开发,上海
296,秒针信息技术有限公司,明略科技集团,2000人以上,D轮及以上,鼓楼区,大数据开发工程师,3-5年,本科,18k-25k,行业TOP;团队氛围，晋升空间；福利待遇,"数据服务｜咨询,人工智能服务",开发|测试|运维类,"六险一金,年底双薪,绩效奖金,完成E轮融资",数据开发,南京
297,北京尘锋信息技术有限公司,尘锋信息,150-500人,A轮,高新区,大数据开发工程师,1-3年,本科,15k-25k,全额五险一金 弹性打卡 扁平化管理,营销服务｜咨询,开发|测试|运维类,,数据开发,成都
298,神策网络科技（北京）有限公司,神策数据,500-2000人,C轮,洪山区,大数据开发工程师-武汉,3-5年,本科,15k-20k,六险一金；扁平管理；试用期不打折,数据服务｜咨询,开发|测试|运维类,"节日礼物,年底双薪,股票期权,带薪年假",数据开发,武汉
299,世纪怡嘉软件科技有限公司,世纪怡嘉,150-500人,未融资,浦东新区,大数据开发工程师,3-5年,本科,15k-25k,周末双休，年终奖，五险一金，加班补贴,IT技术服务｜咨询,开发|测试|运维类,,数据开发,上海
300,中诚信征信有限公司,中诚信征信,150-500人,不需要融资,武昌区,大数据开发工程师,5-10年,本科,15k-25k,行业领导者,"数据服务｜咨询,人工智能服务",开发|测试|运维类,,数据开发,武汉
301,奥解思信息科技（上海）有限公司,奥解思,500-2000人,上市公司,浦东新区,大数据开发工程师,不限,本科,15k-20k,外企办公环境，弹性工作制，技术先进。,"IT技术服务｜咨询,软件服务｜咨询",开发|测试|运维类,,数据开发,上海
302,上海河姆渡实业发展有限公司,河姆渡电子商务有限公司,500-2000人,A轮,浦东新区,大数据开发工程师,5-10年,本科,20k-30k,"总裁特别奖,弹性工时",电商平台,开发|测试|运维类,,数据开发,上海
303,深圳市懿华软件有限公司,懿华软件,少于15人,未融资,福田区,大数据开发工程师,3-5年,本科,14k-20k,职位高大上，行业老大,IT技术服务｜咨询,开发|测试|运维类,"绩效奖金,五险一金,专项奖金,交通补助",数据开发,深圳
304,广州好易电子联行服务有限公司,广州好易电子,150-500人,不需要融资,番禺区,大数据开发工程师,3-5年,本科,20k-30k,周末双休 五险一金 节假日福利,"移动互联网,消费生活",开发|测试|运维类,"带薪年假,岗位晋升,年度旅游,定期体检",数据开发,广州
305,中电金信软件有限公司,中电金信,2000人以上,不需要融资,金水区,大数据开发工程师（郑州）,3-5年,本科,12k-20k,团队氛围好,"IT技术服务｜咨询,软件服务｜咨询",开发|测试|运维类,"带薪年假,定期体检,节日礼物,五险一金",数据开发,郑州
306,傲林科技有限公司,傲林科技,150-500人,不需要融资,海淀区,大数据开发工程师,5-10年,本科,20k-40k,五险一金全额缴纳、年终奖、节假日福利,"营销服务｜咨询,人工智能服务,区块链",开发|测试|运维类,,数据开发,北京
307,北京码上赢网络科技有限公司,马上赢,50-150人,A轮,朝阳区,数据分析工程师（零售类）,1-3年,本科,10k-20k,阿里大牛，行业领导者,数据服务｜咨询,开发|测试|运维类,"弹性工作,五险一金,阿里系,牛人多",数据开发,北京
308,北京字节跳动科技有限公司,字节跳动,2000人以上,D轮及以上,余杭区,数据 BI高级 工程师,3-5年,本科,30k-60k,"下午茶,健身瑜伽,六险一金,股票期权","内容资讯,短视频",开发|测试|运维类,"扁平管理,弹性工作,就近租房补贴,六险一金",后端开发,杭州
309,北京字节跳动科技有限公司,字节跳动,2000人以上,D轮及以上,闵行区,数据 BI 工程师,不限,本科,20k-40k,"下午茶,健身瑜伽,六险一金,五险一金","内容资讯,短视频",开发|测试|运维类,"扁平管理,弹性工作,就近租房补贴,六险一金",数据开发,上海
310,庞大信息技术（深圳）有限公司,庞大信息,50-150人,不需要融资,徐汇区,大数据开发工程师,不限,本科,20k-35k,国企 正式编制,数据服务｜咨询,开发|测试|运维类,,数据开发,上海
311,深圳市博悦科创科技有限公司,博悦科创,500-2000人,不需要融资,福田区,大数据开发工程师,1-3年,本科,12k-17k,"技术新,福利待遇好,发展空间大，年终奖，双休",IT技术服务｜咨询,开发|测试|运维类,"年底双薪,定期体检,绩效奖金,技能培训",数据开发,深圳
312,北京创智汇聚科技有限公司,Sigmob,50-150人,不需要融资,海淀区,大数据开发工程师,1-3年,本科,20k-35k,发展前景大 技术实力强,营销服务｜咨询,开发|测试|运维类,"扁平管理,弹性工作,领导好",数据开发,北京
313,广州思迈特软件有限公司,广州思迈特,150-500人,B轮,天河区,大数据开发工程师,3-5年,大专,18k-28k,发展前景 工作氛围好 扁平管理 六险一金,数据服务｜咨询,开发|测试|运维类,"技能培训,带薪年假,年度旅游,扁平管理",数据开发,广州
314,瑞庭网络技术（上海）有限公司,安居客,500-2000人,上市公司,朝阳区,大数据开发工程师,3-5年,本科,20k-35k,集团中台部门/信息安全深度领域,居住服务,开发|测试|运维类,"年底双薪,绩效奖金,带薪年假,五险一金",数据开发,北京
315,深圳三代人科技有限公司,三代人科技,150-500人,不需要融资,南山区,大数据开发工程师,3-5年,本科,15k-25k,技术团队氛围好，千万级用户产品团队,在线医疗,开发|测试|运维类,"股票期权,绩效奖金,扁平管理,五险一金",数据开发,深圳
316,火眼云（北京）科技有限公司,火眼云,50-150人,A轮,朝阳区,大数据开发工程师,3-5年,本科,20k-35k,发展前进好，团队实力强,营销服务｜咨询,开发|测试|运维类,,数据开发,北京
317,上海容易网电子商务股份有限公司,容易网,150-500人,上市公司,浦东新区,大数据开发工程师,3-5年,本科,15k-20k,行业发展前景大；领导好；成长发展空间大,"电商,消费生活",开发|测试|运维类,"技能培训,节日礼物,绩效奖金,岗位晋升",数据开发,上海
318,广州富力地产股份有限公司,富力地产,2000人以上,上市公司,天河区,大数据开发工程师,3-5年,本科,2k-3k,上市公司，大平台，产业互联网,房地产｜建筑｜物业,开发|测试|运维类,"年底双薪,通讯津贴,包早、午餐,定期体检",数据开发,广州
319,上海播呗网络科技有限公司,播呗,150-500人,未融资,闵行区,大数据开发工程师,3-5年,本科,20k-35k,扁平化管理 发展空间大 前景好,MCN｜直播平台,开发|测试|运维类,"带薪年假,定期体检,年底双薪,年度旅游",数据开发,上海
320,和美（深圳）信息技术股份有限公司,和美信息,500-2000人,不需要融资,锦江区,大数据开发工程师,1-3年,本科,13k-25k,年终奖 补贴,"人工智能服务,IT技术服务｜咨询,科技金融",开发|测试|运维类,"带薪年假,午餐补助,绩效奖金,定期体检",数据开发,成都
321,维恩贝特科技有限公司,维恩贝特,500-2000人,上市公司,福田区,大数据开发工程师,3-5年,大专,15k-20k,五险一金 带薪年假 年终绩效 定期体检,"软件服务｜咨询,人工智能服务",开发|测试|运维类,"年底双薪,五险一金,通讯津贴,交通补助",数据开发,深圳
322,北京字节跳动科技有限公司,字节跳动,2000人以上,D轮及以上,海淀区,大数据算法工程师（BI部门）,不限,本科,20k-35k,六险一金，高薪期权，弹性工作，免费三餐,"内容资讯,短视频",开发|测试|运维类,"扁平管理,弹性工作,就近租房补贴,六险一金",数据开发,北京
323,北京字节跳动科技有限公司,字节跳动,2000人以上,D轮及以上,余杭区,数据仓库开发工程师,3-5年,本科,20k-40k,"下午茶,健身瑜伽,五险一金,股票期权","内容资讯,短视频",开发|测试|运维类,"扁平管理,弹性工作,就近租房补贴,六险一金",后端开发,杭州
324,广州华资软件技术有限公司,华资软件,500-2000人,上市公司,天河区,大数据开发工程师,1-3年,本科,10k-15k,六险一金，福利好，大平台，大团队,"软件服务｜咨询,IT技术服务｜咨询",开发|测试|运维类,"培训伴你始终,入户广州,国内外旅游,专业机构体检",数据开发,广州
325,奇安信科技集团股份有限公司,奇安信集团,2000人以上,上市公司,雁塔区,安全大数据建模分析工程师,3-5年,本科,16k-26k,六险一金、带薪年休假、环境NICE、交通便利,信息安全,开发|测试|运维类,"年底双薪,带薪年假,午餐补助,定期体检",高端技术职位,西安
326,百度在线网络技术（北京）有限公司,百度,2000人以上,上市公司,海淀区,大数据开发工程师,5-10年,本科,20k-35k,核心团队,"人工智能服务,信息检索,科技金融",开发|测试|运维类,"股票期权,弹性工作,五险一金,免费班车",数据开发,北京
327,哈里伯顿（中国）能源服务有限公司,哈里伯顿中国,2000人以上,上市公司,朝阳区,数据开发工程师,3-5年,本科,15k-25k,外企；补充医疗保险; 试用期全额；全额公积金,软件服务｜咨询,开发|测试|运维类,"午餐补助,带薪年假,定期体检,领导好",数据开发,北京
328,天津云脉三六五科技有限公司,云脉三六五,50-150人,不需要融资,河西区,大数据开发工程师,1-3年,大专,12k-24k,周末双休、五险一金、餐补交补,移动互联网,开发|测试|运维类,"节日礼物,带薪年假,岗位晋升,扁平管理",数据开发,天津
329,上海漫微信息技术有限公司,漫微科技,500-2000人,B轮,徐汇区,大数据测试工程师,3-5年,本科,15k-30k,海底捞背景 研发团队超400人 大牛众多,软件服务｜咨询,开发|测试|运维类,"年底双薪,带薪年假,专项奖金,绩效奖金",测试,上海
330,上海金亥通信设备有限公司,上海金亥,50-150人,不需要融资,浦东新区,大数据开发工程师,1-3年,大专,11k-18k,13薪，培训机会,网络通信,开发|测试|运维类,"定期体检,带薪年假,年底双薪,免费班车",数据开发,上海
331,优选好生活科技（珠海）有限公司,好生活,500-2000人,不需要融资,朝阳区,大数据开发工程师,3-5年,本科,15k-25k,餐补 交通补助 奖金,消费生活,开发|测试|运维类,,数据开发,北京
332,秒针信息技术有限公司,明略科技集团,2000人以上,D轮及以上,朝阳区,大数据开发工程师,1-3年,本科,15k-20k,邀你加入全球企业级人工智能的领跑赛道,"数据服务｜咨询,人工智能服务",开发|测试|运维类,"六险一金,年底双薪,绩效奖金,完成E轮融资",数据开发,北京
333,盛业信息科技服务（深圳）有限公司,盛业资本,150-500人,上市公司,福田区,大数据开发工程师,3-5年,本科,15k-25k,香港上市公司，福利齐全，团队氛围好,软件服务｜咨询,开发|测试|运维类,,数据开发,深圳
334,深圳铂睿智恒科技有限公司,Prize,150-500人,未融资,南山区,大数据开发工程师,3-5年,本科,20k-30k,双休、五险一金，平台大，福利高，自研核心团队,IT技术服务｜咨询,开发|测试|运维类,"节日礼物,绩效奖金,岗位晋升,年度旅游",数据开发,深圳
335,广州市蜂擎信息科技有限公司,蜂擎科技,50-150人,未融资,白云区,大数据开发工程师,3-5年,大专,12k-20k,发展前景广，福利待遇无上限,"电商平台,营销服务｜咨询",开发|测试|运维类,"带薪年假,住房补贴,绩效奖金,节日礼物",数据开发,广州
336,北京字节跳动科技有限公司,字节跳动,2000人以上,D轮及以上,海淀区,后端开发工程师 - 电商数据产品方向,1-3年,本科,25k-50k,"六险一金,弹性工作,免费三餐,租房补贴","内容资讯,短视频",开发|测试|运维类,"扁平管理,弹性工作,就近租房补贴,六险一金",数据开发,北京
337,北京字节跳动科技有限公司,字节跳动,2000人以上,D轮及以上,海淀区,大数据平台开发架构师/资深工程师-抖音国际化,3-5年,本科,25k-50k,六险一金,"内容资讯,短视频",开发|测试|运维类,"扁平管理,弹性工作,就近租房补贴,六险一金",数据开发,北京
338,深圳市博奥特科技有限公司,博奥特科技,500-2000人,未融资,福田区,大数据开发工程师,3-5年,本科,14k-20k,五险一金；周末双休；节假日福利；下午茶,"IT技术服务｜咨询,软件服务｜咨询",开发|测试|运维类,"绩效奖金,领导好,帅哥多,美女多",数据开发,深圳
339,广州安豆科技有限公司,安豆科技,50-150人,A轮,天河区,大数据开发工程师,3-5年,本科,15k-25k,福利待遇好，发展空间大，团队气氛欢乐,游戏,开发|测试|运维类,,数据开发,广州
340,广州东方电科自动化有限公司,东方电科,150-500人,上市公司,萝岗区,数据开发工程师,1-3年,本科,6k-11k,六险一金、年度旅行、年度体检、节假日福利,"硬件,其他",开发|测试|运维类,,数据开发,广州
341,北京奇艺世纪科技有限公司,爱奇艺,2000人以上,上市公司,海淀区,数据开发工程师,3-5年,本科,20k-40k,团队实力强,音频｜视频媒体,开发|测试|运维类,"绩效奖金,五险一金,交通补助,带薪年假",数据开发,北京
342,贝壳找房（北京）科技有限公司,贝壳,2000人以上,上市公司,海淀区,大数据开发工程师,5-10年,本科,18k-36k,业务空间大，团队氛围好,居住服务,开发|测试|运维类,"股票期权,带薪年假,绩效奖金,扁平管理",数据开发,北京
343,上海至数企业发展有限公司,至数,50-150人,A轮,徐汇区,大数据开发工程师,3-5年,本科,20k-30k,前瞻性行业,数据服务｜咨询,开发|测试|运维类,"弹性工作,扁平管理,专项奖金,领导好",数据开发,上海
344,泰康人寿保险有限责任公司,泰康人寿,2000人以上,上市公司,昌平区,数据开发工程师,1-3年,本科,15k-21k,福利待遇好，发展前景优,金融业,开发|测试|运维类,"大健康,世界500强,大平台,有前途",数据开发,北京
345,上海懒人易健科技有限公司,懒人科技,50-150人,不需要融资,福田区,数据开发工程师,3-5年,本科,18k-22k,朝阳行业 领导nice 发展空间大 健身福利,移动互联网,开发|测试|运维类,,数据开发,深圳
346,广州知了科技有限公司,知了科技,15-50人,未融资,黄埔区,大数据开发工程师,3-5年,本科,16k-25k,五险一金，下午茶，免费住宿，带薪年假,移动互联网,开发|测试|运维类,,数据开发,广州
347,北京鸿盈信息技术有限公司,360,2000人以上,上市公司,朝阳区,大数据开发工程师,3-5年,本科,20k-25k,"平台大,免费三餐,健身房,班车","工具类产品,信息检索,信息安全",开发|测试|运维类,"专项奖金,年底双薪",后端开发,北京
348,北京有大家科技有限公司,FUNJI欢集,15-50人,A轮,朝阳区,数据开发工程师,1-3年,本科,15k-30k,有技术大牛、上升空间大、双休,"数据服务,文娱丨内容",开发|测试|运维类,"带薪年假,扁平管理,节日礼物,绩效奖金",数据开发,北京
349,广州易幻网络科技有限公司,易幻网络,150-500人,上市公司,天河区,大数据开发工程师,1-3年,本科,12k-18k,周末双休、14 薪、发展空间大,游戏,开发|测试|运维类,"年底双薪,绩效奖金,年度旅游,六险一金",数据开发,广州
350,北京字节跳动科技有限公司,字节跳动,2000人以上,D轮及以上,海淀区,高级测试开发工程师-大数据方向,3-5年,本科,20k-40k,六险一金，弹性工作，免费三餐，租房补贴,"内容资讯,短视频",开发|测试|运维类,"扁平管理,弹性工作,就近租房补贴,六险一金",测试,北京
351,北京字节跳动科技有限公司,字节跳动,2000人以上,D轮及以上,海淀区,大数据工程师,1-3年,本科,20k-40k,"六险一金,弹性工作,免费三餐,扁平管理","内容资讯,短视频",开发|测试|运维类,"扁平管理,弹性工作,就近租房补贴,六险一金",后端开发,北京
352,北京百家科技集团有限公司,跟谁学,2000人以上,上市公司,海淀区,高级数据仓库开发工程师,3-5年,本科,30k-60k,上市公司 大牛团队 发展快速,在线教育,开发|测试|运维类,"节日礼物,技能培训,股票期权,精英团队",数据开发,北京
353,广州市梦享网络技术有限公司,广州市梦享网络技术有限公司,150-500人,B轮,南山区,大数据开发工程师,1-3年,本科,15k-25k,扁平化管理，领导超Nice，年轻人的乐园，期权,"数据服务｜咨询,人工智能服务,工具类产品",开发|测试|运维类,"大小周,股票期权,管理规范,领导好",数据开发,深圳
354,上海海万信息科技股份有限公司,海万科技,500-2000人,不需要融资,福田区,大数据开发工程师,3-5年,本科,11k-20k,交通便利 双休 节假日福利 环境好,"软件服务｜咨询,IT技术服务｜咨询",开发|测试|运维类,,数据开发,深圳
355,广州卓牛信息科技有限公司,卓牛科技,50-150人,不需要融资,天河区,大数据开发工程师,5-10年,本科,18k-36k,季度项目奖，五险一金，双休,工具类产品,开发|测试|运维类,"扁平管理,团队优秀,发展空间大,项目奖金",数据开发,广州
356,杭州数澜科技有限公司,数澜科技,150-500人,B轮,武侯区,高级JAVA大数据工程师,3-5年,本科,15k-25k,全额缴纳社保公积金，生日会，年终奖期权奖励,数据服务｜咨询,开发|测试|运维类,"股票期权,扁平管理,弹性工作,五险一金",后端开发,成都
357,北京金鸿睿信息科技有限公司,金鸿睿,50-150人,未融资,海淀区,大数据开发工程师,1-3年,本科,13k-20k,发展空间大，足够的提升空间,"数据服务｜咨询,人工智能服务",开发|测试|运维类,"年底双薪,带薪年假,通讯津贴,午餐补助",数据开发,北京
358,浙江华坤道威数据科技有限公司,华坤道威,150-500人,不需要融资,余杭区,大数据开发工程师,3-5年,本科,12k-20k,五险一金；年终奖,数据服务｜咨询,开发|测试|运维类,"绩效奖金,午餐补助,节日礼物,扁平管理",数据开发,杭州
359,深圳市斯凯荣科技有限公司,skyroam,150-500人,C轮,南山区,大数据开发工程师,3-5年,本科,15k-20k,发展前景,IT技术服务｜咨询,开发|测试|运维类,"帅哥萌妹多,带薪年假,绩效奖金,年度旅游",数据开发,深圳
360,融慧金科金融服务外包（北京）有限公司,融慧金科,150-500人,B轮,朝阳区,大数据开发工程师,1-3年,本科,15k-20k,晋升空间 工作氛围好,"金融,数据服务",开发|测试|运维类,"大数据,人工智能,互联网金融,弹性工作",数据开发,北京
361,融慧金科金融服务外包（北京）有限公司,融慧金科,150-500人,B轮,朝阳区,大数据开发工程师,1-3年,本科,15k-18k,团队氛围好 大牛多,"金融,数据服务",开发|测试|运维类,"大数据,人工智能,互联网金融,弹性工作",数据开发,北京
362,爱笔（北京）智能科技有限公司,Aibee,500-2000人,A轮,海淀区,大数据运维工程师,3-5年,不限,15k-30k,人工智能 上升空间 弹性工作制 薪酬激励计划,人工智能服务,开发|测试|运维类,"国际化团队,计算机视觉,语音识别,自然语言理解",运维,北京
363,爱笔（北京）智能科技有限公司,Aibee,500-2000人,A轮,海淀区,大数据基础架构工程师,3-5年,本科,20k-40k,人工智能明星公司，发展前景，团队氛围好,人工智能服务,开发|测试|运维类,"国际化团队,计算机视觉,语音识别,自然语言理解",数据开发,北京
364,嘉兴海视嘉安智城科技有限公司,海视嘉安,50-150人,未融资,黄浦区,大数据开发工程师（base嘉兴，国企控股）,5-10年,本科,15k-20k,国企控股，前景好，稳定，薪资待遇好,软件服务｜咨询,开发|测试|运维类,,数据开发,上海
365,嘉兴海视嘉安智城科技有限公司,海视嘉安,50-150人,未融资,海淀区,大数据开发工程师（base嘉兴，国企控股）,3-5年,本科,10k-15k,国企控股，前景好，稳定，薪资待遇好,软件服务｜咨询,开发|测试|运维类,,数据开发,北京
366,深圳市瑞达飞行科技有限公司,瑞达飞行,15-50人,未融资,南山区,大数据开发工程师,3-5年,本科,15k-25k,行业发展前景好，团队年轻有活力,"网络通信,数据服务｜咨询",开发|测试|运维类,"年底双薪,带薪年假,通讯津贴,绩效奖金",后端开发,深圳
367,北京发现角科技有限公司,北京发现角科技有限公司,50-150人,A轮,海淀区,数据开发工程师,3-5年,本科,15k-30k,带薪年假，成就感强烈，一般一个月年终奖,工具类产品,开发|测试|运维类,"股票期权,专项奖金,年底双薪,五险一金",数据开发,北京
368,北京容联易通信息技术有限公司,容联云通讯,500-2000人,上市公司,朝阳区,大数据开发工程师,5-10年,本科,30k-40k,六险一金、年终分红、项目稳定、晋升空间大,"移动互联网,数据服务",开发|测试|运维类,"年底双薪,五险一金,带薪年假,节日礼物",数据开发,北京
369,德勤企业咨询（上海）有限公司,德勤,2000人以上,不需要融资,渝中区,大数据开发工程师,3-5年,本科,10k-18k,知名外企、大平台、发展潜力大,专业服务｜咨询,开发|测试|运维类,"带薪年假,年底双薪,定期体检,节日礼物",数据开发,重庆
370,上海琚宠科技有限责任公司,上海琚宠科技有限公司,150-500人,B轮,长宁区,大数据开发工程师,3-5年,本科,20k-35k,发展空间大，行业前景好，萌宠相伴,"移动互联网,电商",开发|测试|运维类,"扁平管理,宠物陪伴,岗位晋升,美女多",数据开发,上海
371,北京丽兹行房地产顾问有限公司,丽兹行,500-2000人,不需要融资,朝阳区,大数据开发工程师,3-5年,本科,15k-25k,六险一金 团队出游 氛围轻松,居住服务,开发|测试|运维类,"专项奖金,绩效奖金,定期体检,带薪年假",数据开发,北京
372,深圳前海九慧金服科技有限公司,九慧,50-150人,C轮,南山区,数据开发工程师,3-5年,本科,12k-20k,氛围open，领导超级nice，弹性上班,金融,开发|测试|运维类,"年底双薪,定期体检,五险一金,弹性工作",数据开发,深圳
373,中电通商数字技术（上海）有限公司,中电数字,50-150人,不需要融资,钟楼区,大数据开发工程师,不限,本科,15k-25k,医疗大数据；互联网医疗,人工智能服务,开发|测试|运维类,"央企背景,数字城市,管理规范,技能培训",数据开发,常州
374,中电通商数字技术（上海）有限公司,中电数字,50-150人,不需要融资,钟楼区,大数据开发工程师,不限,本科,15k-25k,央企背景、医疗健康云、医疗大数据,人工智能服务,开发|测试|运维类,"央企背景,数字城市,管理规范,技能培训",数据开发,常州
375,深圳云路信息科技有限责任公司,云路信息,150-500人,不需要融资,南山区,大数据开发工程师,3-5年,本科,15k-28k,精英团队，高速发展企业,软件服务｜咨询,开发|测试|运维类,,数据开发,深圳
376,中通服创立信息科技有限责任公司,创立科技,500-2000人,上市公司,武侯区,数据开发工程师,3-5年,本科,10k-15k,数据开发、hadoop,物联网,开发|测试|运维类,"年底双薪,带薪年假,绩效奖金,美女多",数据开发,成都
377,南京中新赛克科技有限责任公司,中新赛克,500-2000人,上市公司,江宁区,大数据开发工程师,3-5年,本科,15k-26k,技术新、成长快,信息安全,开发|测试|运维类,"技能培训,节日礼物,绩效奖金,岗位晋升",后端开发,南京
378,北京联龙博通电子商务技术有限公司,联龙博通,2000人以上,D轮及以上,包河区,大数据开发工程师,3-5年,大专,10k-18k,银行项目 长期稳定,科技金融,开发|测试|运维类,"节日礼物,技能培训,带薪年假,绩效奖金",数据开发,合肥
379,新疆维吾尔自治区广播电视研究所,广播电视研究所,150-500人,不需要融资,高新区,大数据开发工程师,1-3年,本科,10k-15k,地铁周边，扁平化管理，周末双休，五险一金,软件服务｜咨询,开发|测试|运维类,,数据开发,成都
380,上海驰骛信息科技有限公司,驰骛科技ChiefClouds,150-500人,未融资,徐汇区,大数据开发工程师,3-5年,本科,15k-25k,年度体检免费晚餐补充商保10天带薪年假,"数据服务｜咨询,IT技术服务｜咨询",开发|测试|运维类,,数据开发,上海
381,北京人人云图信息技术有限公司,人人云图,15-50人,A轮,武昌区,数据开发工程师,3-5年,本科,10k-17k,商业补充医疗保险,数据服务｜咨询,开发|测试|运维类,"股票期权,弹性工作,扁平管理,五险一金",数据开发,武汉
382,深圳市汇合发展有限公司,汇合,2000人以上,不需要融资,南山区,大数据开发工程师,3-5年,本科,13k-18k,大佬带队 管理规范 加班费 双休,科技金融,产品|需求|项目类,"绩效奖金,带薪年假,管理规范,五险一金",数据分析,深圳
383,上海因势智能科技有限公司,因势智能,15-50人,天使轮,浦东新区,大数据开发工程师,1-3年,本科,15k-25k,发展前景好，五险一金，年终奖金,"企业服务,软件开发",开发|测试|运维类,,数据开发,上海
384,上海陟明信息技术有限责任公司,陟明信息技术有限公司,150-500人,未融资,杨浦区,大数据开发工程师,3-5年,本科,13k-19k,完善的晋升机制，良好的办公环境,专业服务｜咨询,开发|测试|运维类,"年底双薪,带薪年假,交通补助,通讯津贴",数据开发,上海
385,杭州火烧云科技有限公司,婚礼纪,500-2000人,D轮及以上,西湖区,大数据开发工程师,1-3年,本科,15k-25k,双休、六险一金、餐补,生活服务,开发|测试|运维类,"六险一金,快乐高效文化,绩效奖金,信任",人工智能,杭州
386,前锦网络信息技术（上海）有限公司,51JOB,2000人以上,上市公司,浦东新区,大数据开发工程师,1-3年,硕士,12k-20k,"带薪年假,技术大神,五险一金",工具类产品,开发|测试|运维类,,后端开发,上海
387,北京字节跳动科技有限公司,字节跳动,2000人以上,D轮及以上,海淀区,BI工程师,3-5年,本科,15k-30k,"免费三餐,六险一金,租房补贴,带薪休假","内容资讯,短视频",开发|测试|运维类,"扁平管理,弹性工作,就近租房补贴,六险一金",运维,北京
388,北京字节跳动科技有限公司,字节跳动,2000人以上,D轮及以上,海淀区,大数据产品化开发工程师,不限,不限,25k-50k,"下午茶,健身瑜伽,六险一金,五险一金","内容资讯,短视频",开发|测试|运维类,"扁平管理,弹性工作,就近租房补贴,六险一金",后端开发,北京
389,广州探迹科技有限公司,探迹科技,500-2000人,B轮,番禺区,大数据开发,5-10年,本科,20k-35k,大数据AI 五险一金 期权激励 扁平管理,"数据服务｜咨询,人工智能服务,营销服务｜咨询",开发|测试|运维类,"顶级VC投资,阿里巴巴战投,AI+大数据,SaaS",数据开发,广州
390,上海海万信息科技股份有限公司,海万科技,500-2000人,不需要融资,浦东新区,大数据开发工程师,3-5年,大专,14k-18k,。,"软件服务｜咨询,IT技术服务｜咨询",开发|测试|运维类,,数据开发,上海
391,北京偶数科技有限公司,偶数科技,50-150人,B轮,海淀区,大数据开发工程师,1-3年,本科,20k-40k,年底双薪 地铁周边 补充医疗,"数据服务｜咨询,人工智能服务",开发|测试|运维类,"年底双薪,交通补助,带薪年假,扁平管理",数据开发,北京
392,北京国研网信息股份有限公司,国研网,150-500人,上市公司,东城区,大数据开发工程师,1-3年,本科,20k-25k,超长年假、六险一金、大型国企,"人工智能服务,数据服务｜咨询",开发|测试|运维类,"专项奖金,年终分红,定期体检,弹性工作",数据开发,北京
393,北京鲸榄网络科技有限公司,鲸榄科技,15-50人,未融资,朝阳区,大数据开发工程师,5-10年,本科,16k-30k,超长假期 出国游 福利补助,社交平台,开发|测试|运维类,,数据开发,北京
394,深圳市懒人在线科技有限公司,懒人听书,150-500人,C轮,南山区,大数据开发工程师,1-3年,本科,15k-25k,"5天7小时,工作氛围好,福利好,扁平管理",音频｜视频媒体,开发|测试|运维类,"五险一金,年度旅游,弹性工作,节日礼物",数据开发,深圳
395,上海舟恩信息技术有限公司,舟恩信息,150-500人,不需要融资,杨浦区,大数据开发工程师,3-5年,大专,18k-25k,大平台,软件服务｜咨询,开发|测试|运维类,,数据开发,上海
396,北京盛学成长科技有限公司,盛学成长,50-150人,不需要融资,朝阳区,大数据开发工程师,不限,本科,10k-20k,教育政务大数据产品，六险一金，项目奖金,"移动互联网,教育",开发|测试|运维类,,数据开发,北京
397,四川久远银海软件股份有限公司,久远银海,2000人以上,上市公司,锦江区,大数据开发工程师,1-3年,本科,7k-12k,五险一金，年终奖，生日福利等，发展空间大,软件服务｜咨询,开发|测试|运维类,"节日礼物,专项奖金,带薪年假,岗位晋升",数据开发,成都
398,上海明品医学数据科技有限公司,大专家.COM,150-500人,A轮,松江区,大数据开发工程师,1-3年,硕士,20k-40k,"技术大牛,环境好,氛围好",在线医疗,开发|测试|运维类,"扁平管理,领导好,节日礼物,五险一金",数据开发,上海
399,钛马信息网络技术有限公司,钛马车联网,150-500人,B轮,高新区,大数据开发工程师,3-5年,本科,8k-15k,车联网,"IT技术服务｜咨询,软件服务｜咨询",开发|测试|运维类,"技能培训,节日礼物,互联网汽车,绩效奖金",数据开发,成都
400,上海识装信息科技有限公司,得物App,500-2000人,B轮,杨浦区,高级数据采集工程师,3-5年,本科,20k-40k,年终奖金+季度奖金+好心情+福利多多,电商平台,开发|测试|运维类,"绩效奖金,带薪年假,定期体检,节日礼物",数据开发,上海
401,上海品上生活网络科技有限公司,清美/品上生活,15-50人,未融资,浦东新区,大数据开发工程师,5-10年,本科,22k-35k,"领导Nice,发展空间大,五险一金,免费午餐",新零售,开发|测试|运维类,,数据开发,上海
402,北京小米科技有限责任公司,小米集团,2000人以上,上市公司,海淀区,大数据开发工程师,5-10年,本科,25k-40k,发展空间、年终奖金、技术氛围浓厚,"智能硬件,电商平台",开发|测试|运维类,"快速成长,免费班车,扁平管理,技能培训",数据开发,北京
403,北京京东世纪贸易有限公司,京东物流,2000人以上,A轮,大兴区,数据开发工程师,3-5年,本科,25k-40k,实时数据领域开发,物流｜运输,开发|测试|运维类,"免费班车,子女教育计划,安居计划,救助基金",数据开发,北京
404,北京京东世纪贸易有限公司,京东物流,2000人以上,A轮,大兴区,大数据开发工程师,3-5年,本科,25k-50k,数据量级大，规模大，公司重点项目，发展潜力大,物流｜运输,开发|测试|运维类,"免费班车,子女教育计划,安居计划,救助基金",数据开发,北京
405,广东中思拓大数据研究院有限公司,中思拓研究院,50-150人,未融资,天河区,大数据开发工程师,3-5年,本科,15k-25k,平台好，发展空间大，薪酬待遇优越,"数据服务,软件开发",开发|测试|运维类,"专项奖金,带薪年假,绩效奖金,节日礼物",数据开发,广州
406,深圳市玖昔科技发展股份有限公司,玖昔科技,50-150人,B轮,南山区,大数据开发工程师,3-5年,本科,15k-25k,"项目前景好,五险一金,内部气氛好",软件服务｜咨询,开发|测试|运维类,"全员专项奖金,绩效奖金,岗位晋升,扁平管理",数据开发,深圳
407,中邮信息科技（北京）有限公司,中邮信息科技（北京）有限公司,500-2000人,不需要融资,昌平区,大数据开发工程师,3-5年,本科,21k-40k,六险二金 食堂 平台稳定 工会福利 旅游,软件服务｜咨询,开发|测试|运维类,"技能培训,六险二金,多样技术环境,平台稳定",后端开发,北京
408,北京小米科技有限责任公司,小米集团,2000人以上,上市公司,海淀区,大数据开发工程师,3-5年,本科,25k-50k,核心业务,"智能硬件,电商平台",开发|测试|运维类,"快速成长,免费班车,扁平管理,技能培训",数据开发,北京
409,北京视野金融信息服务有限公司,视野金融,50-150人,A轮,海淀区,大数据开发工程师,3-5年,本科,12k-24k,五险一金 定期团建,科技金融,开发|测试|运维类,"股票期权,绩效奖金,岗位晋升,扁平管理",数据开发,北京
410,广州滴普科技有限公司,滴普科技,500-2000人,A轮,天河区,大数据开发工程师（广州）,3-5年,本科,18k-30k,多次调薪 年终奖,数据服务｜咨询,开发|测试|运维类,,数据开发,广州
411,上海众岳信息科技有限公司,上海众岳信息科技有限公司,50-150人,不需要融资,西湖区,数据开发工程师,3-5年,本科,10k-20k,发展稳定 海量数据 加班少,"人工智能服务,物联网",开发|测试|运维类,"年底双薪,带薪年假,股票期权,定期体检",数据开发,杭州
412,上海众岳信息科技有限公司,上海众岳信息科技有限公司,50-150人,不需要融资,西湖区,大数据开发工程师,3-5年,本科,12k-20k,海量数据 大团队 发展稳定,"人工智能服务,物联网",开发|测试|运维类,"年底双薪,带薪年假,股票期权,定期体检",数据开发,杭州
413,深圳茂源资本资产管理有限公司,茂源资本,150-500人,不需要融资,南山区,数据开发工程师,不限,本科,13k-25k,扁平化管理 高年终高福利 加班少 无息贷款,科技金融,开发|测试|运维类,"年终分红,专项奖金,绩效奖金,股票期权",数据开发,深圳
414,柳州智银通信息技术有限公司,智银通,150-500人,不需要融资,城中区,大数据开发工程师,1-3年,本科,5k-10k,五险一金，加班调休，法定节假日，职级晋升,"软件服务｜咨询,IT技术服务｜咨询",开发|测试|运维类,,数据开发,柳州
415,武汉掌游科技有限公司,掌游科技,150-500人,上市公司,洪山区,大数据开发工程师,3-5年,本科,13k-26k,福利待遇好 挑战16薪 中餐包餐,游戏,开发|测试|运维类,"扁平管理,过亿流水,技能培训,活力型企业",数据开发,武汉
416,上海高毅资产管理合伙企业（有限合伙）,高毅资产,50-150人,不需要融资,浦东新区,数据开发工程师,3-5年,本科,15k-30k,"精英团队,大数据平台,福利待遇好",金融业,开发|测试|运维类,"技能培训,节日礼物,带薪年假,绩效奖金",数据开发,上海
417,深圳市长帆国际物流股份有限公司,深圳市长帆国际物流股份有限公司,500-2000人,不需要融资,罗湖区,数据开发工程师,3-5年,本科,15k-30k,BAT团队 扁平化管理 团队氛围好 福利好,物流｜运输,开发|测试|运维类,,数据开发,深圳
418,北京京东尚科信息技术有限公司,京东,2000人以上,上市公司,朝阳区,中高级大数据开发工程师,5-10年,本科,27k-54k,有挑战，技术快速提升。,电商,开发|测试|运维类,,数据开发,北京
419,广东粤云工业互联网创新科技有限公司,粤云工业互联网创新,150-500人,未融资,顺德区,数据开发工程师,5-10年,大专,12k-20k,六险一金、免费班车、餐补、美的电器员工价,软件服务｜咨询,开发|测试|运维类,,数据开发,佛山
420,广东粤云工业互联网创新科技有限公司,粤云工业互联网创新,150-500人,未融资,顺德区,大数据开发工程师,5-10年,大专,15k-25k,六险一金、免费班车、餐补、美的电器员工价,软件服务｜咨询,开发|测试|运维类,,数据开发,佛山
421,上海微盟企业发展有限公司,微盟,2000人以上,上市公司,宝山区,大数据开发工程师,3-5年,本科,20k-35k,上市公司,营销服务｜咨询,开发|测试|运维类,"绩效奖金,年底双薪,五险一金,带薪年假",数据开发,上海
422,上海嗨普智能信息科技股份有限公司,Hypers,150-500人,上市公司,朝阳区,大数据开发工程师,1-3年,本科,12k-18k,"氛围好,环境好，地铁周边，六险一金",数据服务｜咨询,开发|测试|运维类,"绩效奖金,五险一金,带薪年假,年度旅游",数据开发,北京
423,上海嗨普智能信息科技股份有限公司,Hypers,150-500人,上市公司,朝阳区,大数据开发工程师,1-3年,本科,10k-15k,周末双休 商业保险 年终奖 大牛团队,数据服务｜咨询,开发|测试|运维类,"绩效奖金,五险一金,带薪年假,年度旅游",数据开发,北京
424,深圳市前海房极客网络科技有限公司,房极客,150-500人,B轮,南山区,大数据开发工程师,5-10年,本科,20k-40k,"发展空间大,薪酬提升快,股票期权","居住服务,工具类产品",开发|测试|运维类,"高成长性,弹性工作,股票期权,零食自取",数据开发,深圳
425,深圳市明源云科技有限公司,明源云,2000人以上,上市公司,南山区,数据开发工程师,3-5年,本科,12k-24k,五险一金 技术大牛 办公环境,人工智能服务,开发|测试|运维类,"高额六险一金,年底双薪,绩效奖金,N项经费",数据开发,深圳
